review_id,author,rating,text
Ci9DQUlRQUNvZENodHljRjlvT2kxSGIwOU9hbGR3YWkxVVpsVlZjMUkyYkVsWVdsRRAB,049 Yubb,1,"ครั้งนี้เป็นการมาทานที่นี่เป็นครั้งแรก เราเลือกเซ็ต 649 บาท ก่อนเข้ามาพนักงานได้แจ้งไว้แล้วว่าลูกค้าเยอะ ออเดอร์พวกเนื้อและซีฟู้ดอาจจะใช้เวลานาน เราก็เข้าใจและโอเค เพราะคิดว่าสามารถเดินตักเมนูหมูหรือเมนูอื่น ๆ มารอได้

เราเข้าไปที่ร้าน 19:16 น. และเริ่มสั่งเมนูที่อยากทาน เช่น เนื้อและซีฟู้ด ปรากฏว่าเราได้ออเดอร์แรกคือเนื้อ มาถึงโต๊ะตอน 20:14 น. (รอประมาณ 1 ชั่วโมง) ส่วนเมนูกุ้งดอง ปูดองได้ประมาณ 19:51 น. ซึ่งถือว่ารอนานพอสมควร สำหรับเรื่องคุณภาพ รู้สึกว่าซีฟู้ดบางเมนูไม่ได้ตรงกับความคาดหวังเท่าไร สิ่งที่ทานแล้วโอเคที่สุดสำหรับเราคือหอยนางรม

หลังจากนั้นจึงไม่ได้สั่งอะไรเพิ่ม เพราะรู้สึกว่ารอค่อนข้างนาน เลยลองสั่งของหวาน (บิงซู) มาทานแทน แต่ก็บริการช้าประมาณ 30 นาทีเช่นกัน ทำให้เราตัดสินใจกลับก่อน

โดยรวมในวันที่ไป ลูกค้าค่อนข้างแน่น พนักงานดูเหมือนจะไม่เพียงพอกับจำนวนโต๊ะที่มี จึงอาจเป็นสาเหตุหลักที่ทำให้การรอค่อนข้างนาน สำหรับเราแล้ว รู้สึกว่าอาจจะไม่เหมาะกับช่วงเวลาที่คนเยอะ ๆ

ทั้งหมดนี้เป็น ประสบการณ์ส่วนตัว ของการมาทานครั้งแรก อาจจะไม่เหมือนกับท่านอื่น ๆ ที่เคยมาทานค่ะ 🙂"
Ci9DQUlRQUNvZENodHljRjlvT2xRelVsWXdlRmhpV21NMU5FeE9PR3RRUmpaelNIYxAB,Palty Wan,5,"มาทานเป็นรอบที่2
อร่อยค่ะ เลือกทานแบบ 329 เดินหยิบได้ตามสบาย
ชอบกิมจิที่นี้ไม่เปรี้ยวเกินไป เข้มข้น อาหารทานเล่นก็หลากหลาย พนักงานขยันเปลี่ยนตะแกรงมาก เรานั่งทาน1ชม น่าจะเปลี่ยนไป6รอบได้ ใส่ใจสุดๆ"
Ci9DQUlRQUNvZENodHljRjlvT2xKSk4xWmhZVTVsZUhsaVNYTXlOWGhzZUdoZmMzYxAB,Tuang H.,5,ร้านกว้างขวางสะอาดตา มี 3 ราคาให้เลือก(349+/499+/699+) ของคอยเติมตลอด ที่พนักงานคอยช่วยเหลือดีมากค่ะ โดยรวมแถวเมนูหลากหลายค่ะมาซ้ำแน่นอน เรามาช่วงร้านเพิ่งเปิด ก็เลยสบายๆหน่อย🤭😇
Ci9DQUlRQUNvZENodHljRjlvT2paeVMyWnVRVGhDT0RONWREZFNSWFJqZVVob1pGRRAB,zxtremedemon,5,"Food: 46.5/50. It’s good, with some options like the chicken and shrimp being phenomenal. Others are just okay.

Service: it’s actually pretty good for a buffet, 18/20. They clear plates within 1 minute and occasionally change the grill.

Atmosphere: it’s a bit dirty and uncomfortably hot. Eating should not feel like a sauna. The attached image shows the ac being set to 30, which is absolutely unacceptable. 16/20 at least it has some nice music

Value: 9.5/10, about 300 to 600 baht per person (300 recommended as the cheaper options taste much better and the beef is mid)

Total 90/100"
Ci9DQUlRQUNvZENodHljRjlvT2t3MGFtTXhPR0phVjAwd05sOTFOVE5GYVRGSmFFRRAB,Jah KS,5,ร้านบริการดี อาหารอร่อย คุ้มค่า ราคาเป็นกันเองสุดๆ ที่สำคัญมีที่จอดรถกว้างขวางมากๆเลยค่ะ ปกติไม่ค่อยชอบกินปิ้งย่างเกาหลีเลยแต่นี่มา 2 รอบแล้วภายใน 1 เดือน😍
Ci9DQUlRQUNvZENodHljRjlvT2xrMk5tOVlWbTg1VW5KdVRtdDZabkI0TkdwcFNrRRAB,Unchana Chittasopawadee,5,อาหารคุณภาพดีมากราคาจับต้องได้ไม่จำกัดเวลา ของอร่อยทุกอย่าง
Ci9DQUlRQUNvZENodHljRjlvT2w5TFQycFdkRTlKWldKbmRHdzBPV2N0T0d0RFQzYxAB,Pitakchai Thosadorn,5,"ร้านบุฟเฟต์ปิ้งย่างเกาหลี มี 2 ราคาด้วยกัน คือ Premium 599.- บาท และ Special 499.- ขอแตกต่างคือเมนูอาหารที่สามารถเลือกได้มากกว่าและหลากหลายกว่า ส่วนบัฟเฟใช้ที่เดียวกัน

เนื้อสัตว์ย่าง มีให้เลือกหลากหลายมาก มีเนื้อ หมู หมูสไลด์ ไก่ น้ำจิ้ม มีให้เลือกหลากหลายดี ตามภาพเลยครับ

ส่วนอาหารในไลบัฟเฟ่ต์ มีความหลากหลายดี ต้ม ผัด แกง ทอด มากมายดี

เครื่องดื่มมีเครื่องที่ soft drink แบบเติมไม่อั้น  ขนมหวานมีบิงซู ให้เลือกหลายอย่าง มีผลไม้ในไลน์บัฟเฟ่ต์อีกด้วย

ร้านสะอาด มีบริการเปลี่ยนกะทะ แบบไม่มีค่าบริการ มีที่นั่งมากมาย มีที่จอดรถสะดวกดีครับ"
Ci9DQUlRQUNvZENodHljRjlvT2xKTlNHTTVOMHhrY0dsWWNqVlZOMmxvTlV0QmNVRRAB,Mii Blue,5,"เราเลือก Buffet 599+ เป็นร้านบุฟเฟต์ไม่จำกัดเวลา ดีมากๆ นั่งทานได้เรื่อยๆชิลๆค่อยๆสั่ง (ทาน 2 คน รวม 1,298฿)
เราชอบปูม้าดองซีอิ๊ว กุ้งดองซีอิ๊ว อร่อยจริง หอยนางรมเกาหลีก็ดี ไส้วัวใหญ่หมักซอสเผ็ด ลิ้นวัว เนื้อAngus ดีมากๆ ต้องลองๆ มีกุ้งแม่น้ำผ่ากลางด้วยตัวไม่ใหญ่มาก แต่สด เนื้อกุ้งเด้งๆ ต้องสั่งๆ
น้องๆพนักงานและเจ้าของร้านบริการดีมาก สุภาพ น่ารักเอาใจใส่ดีมาก ลูกค้าค่อนข้างเยอะพนักงานก็บริการทั่วถึง ช่วยเปลี่ยนตะแกรงย่าง แนะนำการย่างเนื้อให้อร่อย"
Ci9DQUlRQUNvZENodHljRjlvT2w4eVVtUkhWemhXU1VwVVkzZE1lamxGY0RkWVJsRRAB,Chutikarn Kwannak,5,เมนูเยอะมาก เครื่องจิ้มเยอะมาก อาหารอร่อยทุกอย่าง มีเครื่องเคียงเยอะ มีใบงาด้วย มีอาหารเกาหลีหลายอย่าง มีเมนูเนื้อและซีฟู๊ด แซวม่อนดองก็มี มี 3 ราคา แต่ละราคาคุ้มมากๆ มีเพลง+จอทีวีให้ดู ติ่งฟินมากกก🥰
Ci9DQUlRQUNvZENodHljRjlvT2xkTWVUbFpZVTVHV1RseVkwUmZia2x5ZHpCbVpYYxAB,Alitsa June,5,"มากินค่อนข้างบ่อย รสชาติดี
อาหารคุณภาพดี
เจ้าของเป็นคนเกาหลี
มีสาขาที่อุดมสุขด้วย (สาขานี้ลูกชายหล่อยอกต่อนะ^^"
Ci9DQUlRQUNvZENodHljRjlvT21WVmQzZ3plRWwwVW1ORFZ6UkJTMU5SV1d0a2VYYxAB,โอเด็ต รีวิว,5,เป็นบุฟเฟต์ปิ้งย่างเกาหลี ที่ไม่จำกัดเวลา ไลน์อาหารเยอะมาก กิมจิดีมาก หมู เนื้อ ซีฟู้ดมีครบ ที่นั่งกว้างสบาย แอร์เย็น มาแล้วประทับใจค่ะ
Ci9DQUlRQUNvZENodHljRjlvT2xOSFZIZEdYM2xCYzAwMlQwaG5TVkI2ZEd0SVVrRRAB,YUWANUN PORNNARUENART,5,อาหารหลากหลาย ราคาดี และบริการดีมาก พนง ใส่ใจคอยเช็คเตาเปลี่ยนเตาให้ตลอด
Ci9DQUlRQUNvZENodHljRjlvT2kxaFJHb3djV3haWTNOelQzSlVWbmRrTjE5cVpGRRAB,KS,5,อร่อย มาตอน 4 โมงวันเสาร์คนไม่แน่น พนักงานบริการดี ย่างให้ด้วย
Ci9DQUlRQUNvZENodHljRjlvT2pJNU5GQlpaWFpoY0d0bWNGQnRRbWxMWVd0Vk1YYxAB,Sawitree Thip-inprom,5,ฝนตก กินปิ้งย่าง เป็นอะไรที่เข้ากันมากๆ เหมาะกับการมาสรรสันต์กับเพื่อนๆสุดๆ บรรยากาศไม่อึดอัด โต๊ะเยอะมากๆ มีเพลงให้ฟังเพลินๆ แนะนำเลยค่ะ
Ci9DQUlRQUNvZENodHljRjlvT21scmFtVm9WVWxLYVdJd2EzaFRWMUZXWVV0bVZGRRAB,Nalunchala Naynae,5,อร่อยและคุ้มค่า ทะเลดองคือที่สุดชอบม๊ากกกก บอกเลยอร่อยทุกอย่าง
Ci9DQUlRQUNvZENodHljRjlvT2xBMFlWaDRNR1ZGZG5VNE5WTnVTRU5GVm01b01XYxAB,Parkwan P,5,อร่อยค่า ของมีหลากหลายให้เลือกกิน ต๊อกอร่อยมากกกกก เปลี่ยนเตาเร็วมาก
Ci9DQUlRQUNvZENodHljRjlvT2xSUmFITlBVRkpsUVc0dFNYUnlibHBIUTBKdU0xRRAB,Gp Pare,5,มากินร้านนี้เป็นครั้งที่ 3 ติดใจมาก อาหารอร่อย เนื้อหมู ไส้วัวก็อร่อย เครื่องเคียงเยอะ มีอาหารเกาหลีให้เลือกกินตามใจ ใครสายเกาหลี ที่นี้ตอบโจทย์ค่ะ มาง่าย ที่จอดรถเยอะ
Ci9DQUlRQUNvZENodHljRjlvT2s5cU9TMUxYMUZyWldoV05scGlVVlZFYURkdU1VRRAB,Phanpatsorn Sriprapat,5,อาหารดี คุ้มค่า ราคา มีทัวร์ลง แต่ไม่วุ่นวาย ทัวร์ร้านนี้ เหมือนร้านลูกค้าเยอะปกติ บุฟเฟต์เกาหลียกให้ร้านนี้เป็น นัมเบอร์วัน
Ci9DQUlRQUNvZENodHljRjlvT21oNFUzQnBieTFQVWw5b1VYbzJZalZrTmpSdGNuYxAB,Chaya Nat,4,อาหารหลากหลาย อาจเดินเอาของไกลหน่อย แต่หมูมีคุณภาพ 4/5 เหมาะกับคนชอบนั่งชิวๆ เพราะไม่จำกัดเวลา แอร์เย็นสบาย
Ci9DQUlRQUNvZENodHljRjlvT2s5TVRWODFWelZwY2taaFUyODJhbDh6ZUVKdWFsRRAB,My_pakjira,5,"มากินที่นี่ตั้งแต่ก่อนโควิด มากินทุกปีประมาณ 6-7 ปีแล้ว ร้านยังทำมาตรฐานดีเหมือนเดิม
-อาหารสดใหม่ หมู เนื้อ อาหารทะเล
-มีอาหารเกาหลีให้เลือกหลากหลาย
-น้ำ : โค้ก (ปกติ&ซีโร่) แฟนต้า(ส้ม&แดง) สไปร์ท พีช ชามะลิ น้ำเปล่า
-ราคาให้ 3 เรท 329, 499, 599 ฿ เอาจริงแค่ 329 ก็คุ้มแล้วกับไลน์อาหาร
-ไอติมอร่อยมาก
-เจ้าของดูแลดีมาก มีการมาแนะนำวิธีการกิน การจิ้มว่าควรจิ้มกับอะไรบ้าง
-สามารถซื้อน้ำจิ้ม กิมจิ ผัก กลับบ้านได้
-ถ้ามากินช่วงเที่ยงคนจะโล่ง ๆ

**เพิ่มเติม**
-อยากให้ร้านเพิ่ม สเลอปี้ สับปะรด,ชาไทย,...
-อยากให้ปรับปรุงเรื่องห้องน้ำให้ไฟสว่างและสะอาดมากขึ้น"
Ci9DQUlRQUNvZENodHljRjlvT25CdWNtOWZWQzFZYkRaTlpFVmFUamxKV1VZMFdIYxAB,Spike Maven,5,"ตอนแรกเห็นรีวิว 1 ดาวจะไม่มาแล้วครับ
แต่ร้านอยู่ไม่ไกลมาก เลยอยากลองด้วยตัวเอง
สรุปสั้นๆ นะครับ ""100/100 ไม่หัก"" ราคาดี มีที่จอด เนื้อวัวและหมู ดีมากๆ ที่สำคัญ หั่นหนาเต็มคำ

พนักงานบริการดีสุดๆ กระตือรือร้นมากๆ เราไม่ต้องพูดอะไรเลย เค้าคอยเดินมาดูแลเก็บถาด เปลี่ยนถ่าน ให้ตลอดๆ แบบมองตาก็รู้ใจ introvert มากินได้ สบาย55555

ผมเชื่อว่าคงเป็นเพราะทางร้านเห็นรีวิวที่ไม่ดี และนำไปปรับปรุงโดยไม่ได้มัวแก้ตัวเหมือนอีกหลายๆ ที่

กลับมาอีกเป็นประจำแน่นอนครับ วันนี้วันศุกร์ ผมมา 20:00 คนค่อนข้างน้อย มาอุดหนุนร้านดีๆ กันเยอะๆ นะครับบ"
Ci9DQUlRQUNvZENodHljRjlvT2xoTmVWbDJVMUpQWlVKSmJsaHZjRVpIVUZSSk1GRRAB,piyakul chiewchanthong,5,อร่อยมากกกกก อิ่ม คุ้ม ที่จอดรถกว้างมาก อยู่ริมถนน เลยโรงบาลบางนามานิดนึง ให้ชิดซ้ายใกล้ๆสะพานลอยเตรียมเลี้ยว เดี่ยวเลย
Ci9DQUlRQUNvZENodHljRjlvT2tvdGRERlNNMGx1WnpGcmFrOWFlR0pYVjNCS05sRRAB,อัยยาวี ตันติพิสิทธิ์,4,"อาหารอร่อย สดใหม่ มีรายการอาหารให้เลือกหลายรายการ พนักงานให้การบริการด้วย ความสุภาพเเละรวดเร็ว และที่ชอบมาก เตาปิ้งที่นี่จะเปลี่ยนตะแกรงให้บ่อยโดยไม่ต้องเรียกเลยนะคะ คือใส่ใจลูกค้าทุกโต๊ะ
มีที่จอดรถสะดวกสบาย ที่สำคัญไม่จำกัดเวลาด้วยนะคะ👍👍👍✌️✌️✌️"
Ci9DQUlRQUNvZENodHljRjlvT2pSWVZuaHZWRmszV0RVMmQzcGxVbVI0VXpZM1pIYxAB,The Investor,4,ไม่ได้มาหลายปีมีการจัดพื้นที่ใหม่ กระชับพื้นที่กว่าเดิม กลิ่นเหมือนเดิม รสชาดอหารยังเหมือนเดิม เป็นสิ่งมี่คุ้นเคยตั้งแต่เปิดร้านมา คิดเงินก่อนแล้วค่อยกินสร้างควาทรงจำที่ดี แชร์เล่นกิจกรรมก็ยังมี ถือว่าเป็นร้านที่สร้างความทรงจำได้ดี
Ci9DQUlRQUNvZENodHljRjlvT2xBMFNXTjVjMU5QVGxoSVJFeEJlbVJETkhCZldWRRAB,Oat Adithep,5,อาหารอร่อยแทบทุกอย่าง พนักงานบริการดี เปลี่ยนกระทะทุกครั้งที่เริ่มไหม้ ไม่ต้องเรียก เดินมาเอง อันนี้ดีมาก วัตถุดิบก็ดี ของกินเล่นเยอะ อร่อย
Ci9DQUlRQUNvZENodHljRjlvT2pKcGNtMTZVMVpEUzFsVVJFbHZSM2N0TVd0aWFHYxAB,T. suntharee519,4,อาหารทุกอย่างอร่อย น้ำจิ้มอร่อย ติดอยู่อย่างเดียวค่ะเสิร์ฟอาหารทะเลช้ามากๆๆ ตอนเข้าร้านมาลูกค้ายังไม่ค่อยเยอะเลย แต่เสิร์ฟค่อนข้างช้า
ChZDSUhNMG9nS0VMT1M5cXlDa3MtdkZBEAE,ตามสไตล์ JaiSabai,4,อาหารเกาหลีแบบบุปเฟต์ไม่แพงมาก อาหารหลากหลาย เนื้อย่างบาร์บีคิว ต๊อกบกกี ข้าวยำทำเอง และอื่นๆอีกมากมาย แต่ข้อควรระวังกิมจิ จะรสเปรี้ยวอมเผ็ด (คนท้องไม่แข็งแรงพอไม่แนะนำให้ทานเยอะ)  ส่วนเมนูเครื่องดื่ม จะเติมไม่อั้น (จะบวกราคาเพิ่มจากราคาอาหาร/คน)
ChZDSUhNMG9nS0VKcmt6NTdpdU82eUxREAE,Yaowanut,5,"อาหารเยอะดี ของสด เครื่องเคียง กับข้าว ผักสด
ของทอด ข้าวยำ ผลไม้  น้ำจิ้ม ผลไม้ ไอศกรีม
ของลงตลอด ไม่ขาดตอน ผักสดสะอาด
ผลไม้ สับปะรด แตงโม แคนตาลูป ฉ่ำ หวานมาก
มีคนเกาหลีคอยเดินดูความเรียบร้อย อาจจะเป็นเจ้าของ คอยเดินดูตามโต๊ะ มาช่วยสอนปิ้งหมู ช่วยตัด แนะนำขั้นตอนการกินให้ลูกค้า
พนักงานเปลี่ยนตะแกรงให้บ่อยมากกกก
ประทับใจในการบริการมากค่ะ
เสียอย่างเดียว ที่โต๊ะค่อนข้างร้อนค่ะ แอร์ไม่ลง แล้วนั่งติดหน้าต่างพอดี ช่วงบ่ายร้อนแดดมากค่ะ
มีม่านแล้วแต่ก็ยังร้อนค่ะ แต่โต๊ะข้าง ๆ เย็นอยู่นะคะ"
Ci9DQUlRQUNvZENodHljRjlvT20xeWNUQkRlVmh6VG5SUGJFRlJNbGhyVlhreGFWRRAB,Vverfon,5,อาหารอร่อย มีให้เลือกหลากหลาย ราคาเริ่มต้นไม่แพง
Ci9DQUlRQUNvZENodHljRjlvT200MGRWOTJTWGRXVVdsWVJtdHdSbEZrTW5Wd1RYYxAB,pp pp,5,อาหารเกาหลีอร่อยมาก เครื่องเคียงเยอะหลากหลาย เติมได้ตลอด เนื้อคุณภาพดี ชิ้นใหญ่ นุ่ม อร่อยสมราคา บรรยากาศร้านดี ร้านเปิดเพลงเกาหลีฟังเพลินๆ เหมาะกับมากับเพื่อนและครอบครัวค่ะ
Ci9DQUlRQUNvZENodHljRjlvT2pOMFRUVkRTekJ0V21SQ1ltWnlOM3BJVVcxNVNIYxAB,Jessy Kladkham,5,ฟิลดี เนื้อมีคุณภาพ อาหารอร่อย ร้านสะอาด น่านั่ง เพลงดี บริการจากพนักงานก็ดีค่ะ มีแนะนำวิธีการทานให้อร่อยด้วยน่ารักมากค่ะ😁😁🥰 …
Ci9DQUlRQUNvZENodHljRjlvT2xGaVNIaGtaRk00T0ZSWVNXeEdTVEU0VTNKeGMyYxAB,กิ่งกาญจน์ ภัติศิริ,5,อาหารมีหลากหลาย อร่อย บรรยากาศดี มีพนักงานคอยเปลี่ยนตะแกรงตลอด โดยรวมถือว่าดีมากค่ะ
Ci9DQUlRQUNvZENodHljRjlvT210Wk1qaGZaa1kxYVZRdGFFOTVUV2xPU1d3NVIwRRAB,NuTTy P.,5,อาหารอร่อย หลากหลายดีค่ะ ปริมาณต่อจานไม่เยอะ ทำให้กินได้หลายอย่าง ราคาถือว่าไม่แรงมาก พนักงานเดินเปลี่ยนตะแกรงให้บ่อยมาก ดีมากเลยค่ะ
Ci9DQUlRQUNvZENodHljRjlvT2tRd1dHVndMV1phYjJVeE5qZExiVlZyVm5nM1VHYxAB,Wisut Chonlatarn,5,"ไม่ได้มานานมาก อร่อยคุ้มมาก มีเมนูใหม่ อย่างหมูสามชั้นดรายเอจ และสันคอหมูดรายเอจอีกด้วย
ปล. เมื่อก่อนมาบ่อยมากๆ"
ChZDSUhNMG9nS0VJQ0FnTUNRcnVUeFBREAE,So,5,"เป็นร้านปิ้งย่างสไตล์เกาหลีแท้ๆ เจ้าของร้านเป็นคนเกาหลี วัตถุดิบดี คุ้มค่า เหมาะสมกับราคา อร่อยมาก 🥘🥢🥓🍕🍧😋

: ไม่จำกัดเวลา ❌️
: เลือกราคาบุฟเฟ่ต์ที่ต้องการ และชำระเงินที่
เคาน์เตอร์ก่อนทาน 🧾
: ร้านใหญ่กว้างขวาง มีหลายโต๊ะ ไม่แออัด
: พนักงานบริการดีมาก เปลี่ยนตะแกรงปิ้งย่างตลอด"
Ci9DQUlRQUNvZENodHljRjlvT2tNMlF5MXJZbFpzUnpoU2FsUXRiRVJGVXpOZmRWRRAB,Gold Diamond,5,หมูสามชั้นดีมากก กรอบนอกนุ่มใน น้ำจิ้มอร่อย บริการดี พนักงานคอยเปลี่ยนตะแกรงให้ตลอด เครื่องเคียงอร่อยทุกอย่างง บรรยากาศดีเหมาะกับมาทานกับเพื่อนหรือครอบครัว🤤🍴
Ci9DQUlRQUNvZENodHljRjlvT2twUE5FUjRYM0F5ZUY4eWRFZGtiRkE1ZWxSdGVtYxAB,กานต์พิชชา ปลื้มใจ,5,อาหารอร่อย ราคาคุ้มค่าสุดๆ ทางร้านบริการดีมากค่ะแนะนำวิธีการทาน
Ci9DQUlRQUNvZENodHljRjlvT25WTFdXRjVZMkpxYVdzNFlsaHhWamxKZDNSeVVrRRAB,Sunantha Phol,5,เป็น1ในร้านอาหารเกาหลีที่ชอบมากร้านหนึ่งเลยค่ะน้ำจิ้มมีให้เลือกหลายแบบมีไลน์อาหารให้เลือกเยอะมากแต่ที่ชอบสุดคือเขาเรียกสลัดมักกะโรนีมันฝรั่งไหมไม่แน่ใจแต่อร่อยมากค่ะ
Ci9DQUlRQUNvZENodHljRjlvT21KWlRESTFOVzlFTTJGaVZqTk9jMkpwZGxCMVRXYxAB,Supichakorn Boonkasem,5,อาหารอร่อยมาก มีหลายราคา พิซซ่าชีส/คิมมารีอร่อยมาก พนักงานบริการดีมาก เปลี่ยนเตาให้ตลอดไม่ต้องเรียกเอง แนะนำค่า✨
Ci9DQUlRQUNvZENodHljRjlvT2w4eWMyYzJOMEprVWw5RFp6Ulhabk5JUjBOQmRtYxAB,วรรณศิริ ศรีอัดชา,3,อย่างอื่นเราโอเคทุกอย่างแต่ไม่ค่อยพอใจกับบริการของพนักงานไปทานครั้งแรกไม่แนะนำอะไรเลยว่าสั่งอาหารยังไงไม่มีเมนูให้ดู จนเราต้องขอเมนูเองถึงเอามาให้ปล่อยให้เรานั่งงงตั้งนาน เวลาจะสั่งออเดอร์แต่ละทีพนักงานไม่ค่อยเดินมาดูที่โต๊ะ พยายามคิดในแง่ดีวันนั้นอาจจะลูกค้าเยอะเด็กทำงานไม่ทัน แต่เราก็ยัง รู้สึกไม่พอใจกับสีหน้าท่าทางพนักงานอยู่ดีเวลามาเปลี่ยนเตาเคลียร์ของกินของเรากองไว้ที่เตาใหม่เหมือนขยะ ดูไม่น่ากินต่อ
Ci9DQUlRQUNvZENodHljRjlvT25KdVFYaE5XbHB6U1dGTk4ycEpkMEV5TFRaYWFWRRAB,Mineo,5,มีอาหารให้เลือกหลากหลาย เนื้อหมูหทักมาดี ย่างแล้วนุ่ม เครื่องเคียง ของกินเล่นเยอะ ดีมากๆ
Ci9DQUlRQUNvZENodHljRjlvT25sc01pMWFUa2wyUW5WZmMzbFVUMEpqVlRaUFRrRRAB,Kizaru Meganekko,5,อาหารอร่อยมาก มีเชฟหรือเจ้าของร้านก็ไม่รู้ที่เป็นคนเกาหลีมาคอยช่วยแนะนำวิธีการกิน การทำอาหารด้วย บรรยากาศร้านดีมาก
Ci9DQUlRQUNvZENodHljRjlvT2xOc01ucHRkR2xFU3premVXdGZYekZWVWsxRk0xRRAB,chollapin teerasangjan,5,มากินบ่อยมากๆค่ะ อร่อยสุดๆๆ พนักงานเดินมาเปลี่ยน้ตาจนเราต้องบอกใจเย็นๆ แต่ละอย่างถึงใจมากค่ะ คัดๆๆ
Ci9DQUlRQUNvZENodHljRjlvT2w5MVMzcDNUa1p1TURocVFuUm5jRXBoTm1wME0zYxAB,auttapong maesincee,5,คุ้มค่าทุกบาททุกสตางค์ ราคาดีมาก หมูมีให้เลือกหลายอย่างเลย
Ci9DQUlRQUNvZENodHljRjlvT2tWNWFYVTJUMDF0WWtGd09XOXNMVkJFVFdaaE9VRRAB,sivakorn onchulee,5,คุ้มค่าในราคา 329+ ประทับใจพนักงานเปลี่ยนกระทะให้บ่อยมากกกก แทบไม่มีคราบไหม้ในกระทะเลยชอบๆ
Ci9DQUlRQUNvZENodHljRjlvT2pCcVdXdHVTamxwVGtSQmRsTjJVamt4WWxWdllYYxAB,NonKKgC4,5,อร่อยคุ้มค่าเมนูหลากหลายราคาไม่แรงบริการดีมากเดินเปลี่ยนเตาบ่อย
Ci9DQUlRQUNvZENodHljRjlvT2xwQ1UwNU9abTlWVEdGUmJuUTVXRVJ6ZHpGS1pHYxAB,Pimchanok Ben,5,ร้านประจำ กินตั้งแต่สมัยแจกคูปองใช้ลดครั้งต่อไป อาหารอร่อย บริการดี ร้านกว้างไม่แออัด
Ci9DQUlRQUNvZENodHljRjlvT25SSGRuVlBVV2hvVlU5Q2VIa3hkekZoYTJSNmJHYxAB,Mongkol somprasong,5,"🔥 Korean BBQ Heaven at an Unbeatable Price! 🇰🇷🥢

If you’re craving a sizzling Korean BBQ experience without the wallet burn, this spot is an absolute gem. For just 300+ baht, you get unlimited time, which means no more watching the clock while grilling your meats to perfection. Here’s why this place deserves a solid spot on your food radar"
Ci9DQUlRQUNvZENodHljRjlvT2pSWVEwNUZZblZOYUcxTlpGZEJSMHhvTlRkbVMwRRAB,Ailada Malinin,5,กิมจิอร่อยมากถูกต้อง ใครคิดถึงปิ้งย่างสไตส์เกาหลี ต้องนึกถึงร้านนี้เลยค่ะ
Ci9DQUlRQUNvZENodHljRjlvT2w5VmJWSTJTR3RqZDBKbWREaDJZak5tVUVRemRsRRAB,ณัฐณิชา อุณหปาณี,5,อาหารอร่อย บรรยากาศดี พนักงานให้บริการดีมากค่ะ ไว้คราวหลังจะกลับมาทานอีกนะคะ🩷🩷🩷🎀
Ci9DQUlRQUNvZENodHljRjlvT2tWclNVOXBVV2RYWkZnMU5WcDRVbnBuZVdGM1JYYxAB,Christoffer Nordin,5,Absolutely delicious Korean barbecue the kimchi soup taste fantastic and so does their meat. I will definitely come back again.
Ci9DQUlRQUNvZENodHljRjlvT2sxTGJYaFBNVlpaVUdSNlV6QTRWakZCTFY4MFExRRAB,จิรเมธ จันทร์ตรี,5,อร่อยมาก บรรยากาศดี แถมไม่แออัด ตัวเด็ดเลยคือหมู dry นุ่มหวานจากเนื้อมาเต็ม
ChdDSUhNMG9nS0VLRDd6dk9QX1BlSXN3RRAB,Tractor DUMz,5,แฟคทอรี่บุฟเฟ่ต์ มาครั้งแรกครับ อาหารอร่อยมากจัดเต็มไม่จำกัดชั่วโมง ทานได้เต็มที่ แนะนำนะครับสายเกาหลีต้องไม่พลาด ผักทานกับหมูย่างเยอะมาก น้ำซุปกิมจิ น้ำซุปมิตซูก็อร่อยครับ แนะนำนะครับให้มาทานร้านนี้ อร่อยราคาไม่แพง 300 นิดนิดก็ทานได้แล้วจะมาอุดหนุนใหม่นะครับ 140-5-68
Ci9DQUlRQUNvZENodHljRjlvT2pKcVRXMUlOUzFaUTJORWFXUlNRVUYxZGkxR2FuYxAB,sasikan huayhongthong,5,อาหารอร่อยมากสะอาดเติมตลอด รอไม่นาน พนักงานเปลี่ยนตะแกงเตาให้เวลามันดำ เลิศ
Ci9DQUlRQUNvZENodHljRjlvT2xweVZHUjFSbFowTFMxb1NpMTZVV2RWWDJ0alVYYxAB,Online Yb,5,เป็นร้านหมูย่างที่1 ในใจ ไกลแค่ไหนก็มา อาหารหลากหลาย ต้นตำรับเกาหลีแท้ เจ้าของคนเกาหลี
Ci9DQUlRQUNvZENodHljRjlvT2xjeVowdHJaR0ZDV0ZjeldIcHFhelphVlZkNGJrRRAB,222 Aranya Kruengphutsa,5,อร่อยมากจ้า การบริการดีเลิศ คุ้มค่าสุดๆ
Ci9DQUlRQUNvZENodHljRjlvT205VlVFTXhZWGxNU2tSVFR6bG9Ta2RTU0ZKRGMxRRAB,นิยดา ผ่องศิวัฒนา,5,มากินครั้งแรกอร่อยมาก เพราะมีคนบอกต่อมาว่าร้านนี้อร่อย
Ci9DQUlRQUNvZENodHljRjlvT2tGMFprTjViMVZaZFVaS2NEWlFSVXBaZHpkT1JtYxAB,Jantarat Mahathumthip,5,อาหารอร่อย บริการดีมากๆ มีน้องคอยมาปิ้งย่างให้ด้วยค่ะ 10/10
Ci9DQUlRQUNvZENodHljRjlvT2pOcFVtWklZMmxGWHpGcE5tcExibFJhWlhkNFJuYxAB,WATUN NEWTON SRIWICHAI,5,อาหารอร่อยครับ น่าทานมากกก สะอาด มีหลายราคาให้เลือก น้องๆ พนักงานบริการดีมากครับ เปลี่ยนกระทะตลอด
Ci9DQUlRQUNvZENodHljRjlvT2pBNGEyWmlWV2xOVDB4NWQyUmtUemh6V1hwbWIwRRAB,Nattakit SKywalker,5,อร่อย มีของให้เลือกเยอะเลย พนักงานเปลี่ยนกระทะไว น้ำจิ้มอร่อย ของกินเล่นก็ดีมีเยอะครับ
ChdDSUhNMG9nS0VJQ0FnTUNBb3Byd2xnRRAB,Anyaphat Rattanachanchanon,5,มากินหลายรอบแล้ว สำหรับเรารสชาติอร่อยกว่าร้านอื่น❤️‍🔥โดยเฉพาะถ้ากินตามสูตรที่เจ้าของร้านแนะนำ (จิ้มเกลือน้ำมันงา+ผงถั่ว+ซัมจัง+กิมจิต้นหอม) ฟินมากก ของกินเล่นเยอะ รสชาติดี ปล.มีเนื้อหมูดรายเอจด้วย
Ci9DQUlRQUNvZENodHljRjlvT2xWRWVGWTBPRUV4UjNSM2JtRXpURzkxVWkxNWJsRRAB,Athiwuth Phanprechakij,5,คอร์สเริ่มต้น 379 บาท รวมเครื่องดื่มแล้วมีเฉพาะหมู ถ้าราคาสูงขึ้นไปกว่านั้นมีเนื้อกับมีซีฟู้ด พนักงานเปลี่ยนตะแกรงให้ตลอดดีมากไม่ต้องเรียกเลยในไลน์บุฟเฟ่ต์อาหารเกาหลีมีตัวเลือกหลากหลาย ราคานี้คุ้มมาก ที่จอดรถกว้างจอดสบาย เสียอย่างเดียวแอร์ไม่ค่อยเย็น
ChZDSUhNMG9nS0VJQ0FnTUNnLWQtdEpnEAE,Sarawut Chinpaisan,5,"Factory Buffet ร้านปิ้งย่างเกาหลีแท้ๆริมถนนบางนาตราดขาเข้า เจ้าของเป็นคนเกาหลี เปิดมานานแล้ว อาหารมีให้เลือกทานเยอะมาก เนื้อหมูมีให้เลือกทั้งหมักซอส หมักโคชูจัง หมักเกลือ Dry aged Wet age ส่วนของกินเล่นมีเกือบยี่สิบอย่าง เริ่มต้นที่ 379 บาทเน็ท (หมู) ส่วนราคาสูงขึ้นไปก็จะมีเนื้อวัวด้วย อาหารสด คุณภาพดีเลย กิมจิก็ดี ส่วนของกินเล่นก็อร่อย ที่ถูกใจที่สุดก็จาจังเมียนกับจับแช มีบริการย่างให้ด้วยนะ แต่ผมชอบย่างเอง 555 สถานที่กว้างขวาง น้องๆบริการดี ราคารวมน้ำและของหวานแล้วจ้า
#kongcuicine"
Ci9DQUlRQUNvZENodHljRjlvT25wWmFITjBaRTFFZWxJeWFqTmpNRzk1TlVaWmVXYxAB,Ashimaporn Amp Lowthanavijit,5,อร่อยมากค่ะ มีเนื้อให้เลือกหลากหลายเลย เราเลือกเซตเนื้อ ผักก็ตักไม่อั้น พนักงานบริการดีค่ะ
ChdDSUhNMG9nS0VJQ0FnTUNnaVBhR3dBRRAB,Pattana Pong,5,"บุฟเฟ่ต์สายปิ้งย่าง บริการแบบพรีเมียม

ถ้าใครกำลังมองหาร้านบุฟเฟ่ต์ปิ้งย่างที่ เกินราคา ทั้งคุณภาพวัตถุดิบและการบริการ Factory Buffet บางนา

- วัตถุดิบคุณภาพพรีเมียม – เนื้อหมูและเนื้อวัว มีทั้งหมูสันคอและหมูสามชั้น wet&dry aged และหมูหมัก ทั้งสันคอหมู หมูสามชั้น เนื้อดรายเอจ หรือแม้แต่ซีฟู้ดสด ๆ ก็มีให้เลือกเพียบ

- บริการดีเยี่ยม – จุดเด่นของที่นี่คือ เจ้าของร้านคนเกาหลี ลงมาบริการเอง

- ถ้าไม่อยากลงมือเอง พนักงานพร้อมช่วยย่างให้ แบบมือโปร ได้เนื้อสุกพอดี ๆ ไม่ต้องกลัวไหม้

- เครื่องเคียงแน่น ๆ สไตล์เกาหลี – กิมจิ ยำต้นหอม หัวไชเท้าดอง ต็อกบกกี ไก่ทอดเกาหลี และซุปมิโซะ จัดเต็มมาก

- อาหารเกาหลีทำสำเร็จก็มีเพียบ เป็นสิบอย่าง ไว้รองท้องระหว่างย่าง และผลไม้ ไอศครีมตัก

-  ที่จอดรถกว้างขวาง ทั้งด้านหน้าและด้านข้าง

ราคาบุฟเฟ่ต์มีให้เลือก 3 ราคา

329 บาท – เนื้อหมูปิ้งย่างและอาหารต่างๆ ไฮไลต์คือมีหมูสันคอและหมูสามชั้น wet&dry aged

499 บาท – เพิ่มเนื้อวัว

599 บาท – รวมทุกอย่างเพิ่มซีฟู๊ด

📍โลเคชัน: อยู่บนถนนบางนา-ตราด (ตรงข้ามเซ็นทรัลบางนา)

สรุปเป็นร้านที่จัดเต็มทุกอย่างให้ ควรมาลองซีกครั้ง"
Ci9DQUlRQUNvZENodHljRjlvT2xKQldtNDNMVEJ1TWxWa1UxODBTbVEzTjJoU1RsRRAB,Patlom,5,"กินกี่ครั้งก็อร่อยเหมือนเดิม
มี3คอร์ส หมู เนื้อ ทะเล
สายอาหารเกาหลี แนะนำเลยน้า"
Ci9DQUlRQUNvZENodHljRjlvT2tsR2NHZGZMV0Z1V25FelpYaGZhV1pqU2tod1psRRAB,ju pit,5,"10/10 - Delicious BBQ and Korean side dishes.
10/10 - Price is good for pork person.
6/10 - Staffs are ok, but no need staffs to service. (just self service)
10/10 - Huge car parking lots, with free parking."
Ci9DQUlRQUNvZENodHljRjlvT25wWWMyaE9NVVpWZVdKRVF6WlpTUzFIYVdGMFZsRRAB,Natt CJ,5,It is a nice place to have dinner. So delicious. You can enjoy family time together. 👍🏻
Ci9DQUlRQUNvZENodHljRjlvT2paUk9VbGpSMTlTYTI4elJtY3lRbFEzWkcxUFYzYxAB,KTR K (Rosie),5,Delicious BBQ pork with other tasty side dishes. Big restaurant and convenient. A lot of spaces of car parking. Helpful staffs also owner who are ready to serve us. Impressive ❤️ love Korean food
Ci9DQUlRQUNvZENodHljRjlvT2tSak1XcDNTMUpTUTJ0clZYWnRNMTlDUWtWMU1YYxAB,โสภิตา วิเศษสรรค์,5,มาทานครั้งแรก อาหารอร่อย หลากหลาย สะอาด และพี่พนักงานบริการดีมากๆค่าา
Ci9DQUlRQUNvZENodHljRjlvT25aaGNWVllSbEowVTE4eVdsTklTSFpxWDBFM1YwRRAB,Nuttachate Chamras,5,ร้านกว้างขวางที่นั่งๆ สบาย เตาร้อนเร็ว อาหารทานเล่นมีหรากหลาย เนื้อคุณภาพดี อร่อย ผักสด กิมจิอร่อย น้ำจิ้มกลมกล่อม
Ci9DQUlRQUNvZENodHljRjlvT20xTlVtNW1iVFZxVjJoRk16VmZPV055ZVV4SldHYxAB,Natty Llqoo,5,"Love everything here
Best and valuable buffet package
I chose Premium 599 & refilled drink 50 Thb

All you can eat, the meat is good, dry aged pork is delicious, there are including salmon and shrimp also with crab ... love ❤️

No time limit 😌"
Ci9DQUlRQUNvZENodHljRjlvT2tOME9HRjZSWEZQV0RCcE5WTTVWV0oyUVdoNU4xRRAB,Supaporn Ss,5,คนเยอะเลยค่ะเราไปวันพฤหัสราคามีให้เลือกเริ่มต้น3ร้อย+พนักคอยมาเปลี่ยนเตาให้ตลอดดีเลยค่ะอร่อยยยยย
Ci9DQUlRQUNvZENodHljRjlvT21oSVMwdDBaWHByZWxKRk1tTkpUSHBvYkY5cE9IYxAB,อาท อนุพงศ์,5,อาการอร่อย หลากหลาย พนักงานบริการดี คอยดู ย่างหมูไว้ลุกไปตักของก็มากลับให้ คอยดูเปลี่ยนตะอกรงให้ตลอด
ChdDSUhNMG9nS0VQeUYwSlM5OE5xZDRBRRAB,Chmpoo P.,5,"อร่อยแบบง่ายๆ ราคาน่ารัก
น้ำจิ้มถั่วคือดียยย
พนักงานบริการดี มีความใส่ใจ
* มีที่จอดรถเยอะมาก
จอดได้ทั้งหน้าร้าน และหลังร้าน"
ChdDSUhNMG9nS0VJQ0FnSUNmbDQzVm13RRAB,Nanny Tems,5,ยอมใจในเรื่องของไลน์อาหารเลย เยอะมากกก อร่อยมากก อร่อยทุกอย่าง คุ้มค่าคุ้มราคา ไม่เคยกินบุฟเฟ่ต์2ชม.เต็มที่ไหนมาก่อน กินที่นี่คือ2ชม.กว่า เลยไปอีก อิ่มจุกๆ ชอบุกอย่างเลย น้ำจิ้มอร่อย คุณภาพวัตถุดิบคือมาเต็มทุกอย่าง ต้องไปซ้ำบ่อยแน่นอน กะทะไหม้ พนง.เปลี่ยนให้โดยไม่ต้องขอเลย เปลี่ยนได้ไม่งกเลย ชอบมากค่ะ
Ci9DQUlRQUNvZENodHljRjlvT2pOemVXd3hlRzlNVEVsVlRFTjBlRTFJV21VeVQxRRAB,ศุภรัตน์ แบบดี,5,ใครที่กำลังมองหาร้านปิ้งย่างเกาหลี แนะนำร้านนี้เลยค่าาาา
ChZDSUhNMG9nS0VJQ0FnTUR3eV9QMURnEAE,ออ ปีหกเก้าต้องสอบติดราชการ,5,"เป็นร้านบุฟเฟ่ ที่ไม่จำกัดเวลา
ที่จอดรถด้านหน้าประมาณ6-8คัน แต่ด้านหลังโล่งและกว้างมากก
ในส่วนของอาหารแนะนำสั่งเป็นราคา 599 รวมVat จะตกที่600+ค่ะ ไลน์อาหารเยอะสุดๆ แซลม่อนเอย อะไรเอย ทั้งเนื้อ ทั้งผัก  คุณภาพดี อร่อย
พนักงานเปลี่ยนตะแกรงย่างให้บ่อย ประทับใจค่ะ ไปซ้ำแน่นอน
ปล.อาหารออกมาช้าไปหน่อยค่ะ อยากให้มาไวกว่านี้นิดนึง เพราะอิ่มเนื้อซะก่อน"
ChZDSUhNMG9nS0VJQ0FnSUN2cEp6UE93EAE,bank ntnu,5,379 บาทรวมน้ำ น้ำจิ้มอร่อยทุกตัว หมูดายเจออร่อยมาก นุ่มละมุน กิมจิก็อร่อยไม่เคยกินแบบนี้มาก่อน  ไข่ตุ๋นเนียนๆ  โดยรวมชอบมาก
Ci9DQUlRQUNvZENodHljRjlvT25OWVRIaGxXakpPWW14R1RrMUlaa0pzVGxsSFVFRRAB,Wanthip Jane,5,บริการดี รอคิวไม่นาน อาหารมีให้เลือกเยอะ
Ci9DQUlRQUNvZENodHljRjlvT2tvMU9HMXdVSGhsU1hCS1MxRTFOMjlWT1hCTWRtYxAB,Muay SkipLove,5,อาหารสดดีค่ะ อร่อย พนักงานใส่ใจเปลี่ยนเตาย่างให้ตลอด
ChdDSUhNMG9nS0VJQ0FnTUNveF95U3R3RRAB,Selenaa ppp,5,อร่อย สะอาด ของสดดี หมูเนื้อคือพรีเมียม มาทานหลายรอบแล้วราคาไม่แพงเลยถ้าเทียบกับคุณภาพ เจอคุณลุงเกาหลีเจ้าของร้านก็น่ารักมากกก พยายามแนะนำน้ำจิ้มให้ลองแล้วก็อร่อยจริงๆ
Ci9DQUlRQUNvZENodHljRjlvT2xGbWRVMVdhek5mVFdoNVkwZHpVMjA1UVRaaFNGRRAB,Wimonrat Hasup,5,อร่อยมาก กินตั้งแต่มหาลัย ขอบคุณที่เลี้ยงหนูจนโต (โตใหญ่) เริ่ดๆๆๆๆ
Ci9DQUlRQUNvZENodHljRjlvT21KR01WUTFOVXhCY21OV1gwOXNTRGhTWkhOMVQzYxAB,Patty Srisuwan,5,Soooo delicious. อร่อยมากทุกเมนู สดใหม่มาก พนักงานช่วยเหลือดีมาก กลับมาครั้งที่สองแล้วดีกว่าเดิมอีก ว้าว
Ci9DQUlRQUNvZENodHljRjlvT25KS1lTMUlaakpEUTFsbVh5MUlObVpHWmtGdVRXYxAB,Jessica Romari Huerta,5,"Nice place, great environment and food! Perfect for dinner with friends 🧡"
Ci9DQUlRQUNvZENodHljRjlvT2xGeGVsVjBUazVOU0VobGRXa3hjMmw0Y21aS1lXYxAB,Jirapa Sangtim,4,อร่อยจ้า เมนูหมูราคา 399 มากิน 2 คน 785 บาท 🥰
Ci9DQUlRQUNvZENodHljRjlvT2pNeFpHNDVhRTB0VTJwNFVVVkJVblZvV1hWV1dVRRAB,Sukanya Suksak,5,"ชอบหมูที่อยู่บนถาดไม้มากเลยค่ะ เข้าใจว่าเป็นหมู dryaged รสชาติและกลิ่นแตกต่างจากหมูธรรมดามาก รสชาติเข้มข้น

เครื่องเคียงมีหลากหลายมากๆ

การบริการก็ดีสุดๆ เปลี่ยนถาดย่างให้แบบไม่ต้องขอเลย

คุ้มราคาแน่นอนค่ะ"
Ci9DQUlRQUNvZENodHljRjlvT2xOd1VXNXRaVVZ1ZUdWUFYycHVia1EwZVdScGQxRRAB,Brian_boy win,1,สำหรับผมตอนนี้มันเปลี่ยนไปแล้วครับ หลังจากไม่ได้ไปประมาณ 4 เดือน หมูไดเอจ สามชั้น ของย่างต่างๆยังได้อยู่ แต่อาหารสำเร็จนี่ไม่ได้เลย ทุกอย่างเย็นชืดดดดด เพิ่งเคยเจอหมูบูลโกลกิใส่สามชั้น แทบจะสามชั้นล้วนๆ แล้วที่สำคัญสามชั้นมีแต่มัน ขนาดผมเป็นคนชอบกินมันเยอะเห็นแล้วยังกลัว ของน้อยก็ไม่เติม สั่งพิซซ่ามานี่เย็นชืดเหนียวอีกต่างหาก หมี่ดำไม่แน่ใจว่าเรียกว่าจาจังเหมี่ยนหรือเปล่า เย็นชืดและไม่เข้มข้น ข้าวสวยในหม้อเหลือประมาณ 15-20ของหม้อแถมอมเหลืองอีกต่างหาก กุ้งดองนี่ดองทั้งเปลือก เห็นแล้วรู้สึกว่าความพิถีพิถันการทำการเตรียมอาหารให้ได้ตามมาตรฐานได้แค่นี้จริงดิ จากที่เคยไปกินแล้วรู้สึกชอบ   มาครั้งนี้สำหรับผมร้านนี้ผมพอแล้วครับ
Ci9DQUlRQUNvZENodHljRjlvT2pCU1NsZzFYMWhvZEV0bU5sQm1lRkpYZWpGSlRFRRAB,วิริยอร บุญรัตนาคม,5,อาหารอร่อย มีให้เลือกหลายรายการ พนักงานบริการดีค่ะ 👍🤩
Ci9DQUlRQUNvZENodHljRjlvT25sZmNuQnRNbXBPVjJOb1ExRjRRbnBMWjNkUU0zYxAB,Weera Naksomsong,5,It is a nice place to have dinner. So delicious. You can enjoy family time together. 👍🏻
Ci9DQUlRQUNvZENodHljRjlvT2twTFFVRndhM1Z5VEdrM00yTklaR28xUWpjdE9GRRAB,aileen sawa,5,เนื้อมีให้เลือกหลากหลาย คุณภาพดีราคาไม่แรง
Ci9DQUlRQUNvZENodHljRjlvT2pObFdGbG9RbHA1U0dneVZ5MUNkRmxZUm5WUVQzYxAB,pang ko,5,อาหารสด สะอาด อร่อย มาซ้ำหลายรอบแล้วค่ะร้านนี้🤍
ChdDSUhNMG9nS0VJQ0FnTUNZdWRxQmxnRRAB,HaNgInGz.,4,"คุณภาพอาหารกับราคาค่อนข้างดี ของทะเลสด
การบริการ พนักงานรับออเดอร์ไปค่อนข้างนานกว่าจะได้อาหาร ตามออเดอร์หลายรอบถึงจะได้ สั่งอาหารต้องใช้วิธีจด ได้ขาดๆเกินๆ ควรใช้ระบบสั่งอาหารด้วยมือถือเหมือนร้านอื่นๆ จะได้ลดความผิดพลาดของออเดอร์"
Ci9DQUlRQUNvZENodHljRjlvT2tocFdVRnNXbFZtWDJWTFQzVnJWa2R5TVVVek9VRRAB,Keeratika V. (Poiily),5,บุฟเฟ่เกาหลีที่ดีงามมากร้านนึงย่านบางนา เนื้อดี หมูสามชั้นดรายเอจคือดีมาก เครื่องเคียงเยอะสุดๆ 🧡
Ci9DQUlRQUNvZENodHljRjlvT2xKeVExUnFRV05ZVjFsSlFsUnJZWE5JWXpKdVdIYxAB,C Piaz,5,ชอบมาก มาทานหลายครั้งประทับใจทุกครั้ง ของสดดี ไม่จำกัดเวลาด้วยนั่งทานได้ยาวๆ รวมน้ำ
ChdDSUhNMG9nS0VJQ0FnTURRM3F1dTdBRRAB,Arut Chanatangcharoen,3,บุฟเฟ่ต์หมู เริ่ม 379 โดนบังคับค่าน้ำรีฟิว เมนูให้เลือกเยอะ รสชาติธรรมดา มีผงถั่วให้จิ้ม  มีไอศครีมตัก พนักงานเปลี่ยนถาดย่างให้เรื่อยๆ บริการดี
Ci9DQUlRQUNvZENodHljRjlvT2pGWFVYWlFja2RQVkY5MGR5MXpVRGMyYms1dWVYYxAB,Qcx,5,พนักงานน่ารักมากค่ะ อาหารหลากหลายด้วย✨
ChdDSUhNMG9nS0VJQ0FnSUNmcWMyQnF3RRAB,นางสาวชุติมา พุ่มอําภา,5,กินไม่เป็นก็มีวิธีกินให้ทุกอย่างค้าบ รสชาติดี บริการเริ่ดๆๆ ตะแกรงย่างไม่ต้องขอให้เปลี่ยนเลยหากไหม้ดำพี่พนักงานเปลี่ยนให้ทันที ของทอดอร่อย ไลน์อาหารเยอะ มีใช้ชิมตามซีรีย์เกือบทุกอย่าง มาซ้ำแน่นอน🫶🏻
Ci9DQUlRQUNvZENodHljRjlvT2tad01IaDVSbkpKTTFORVlYRlBOMlpqTVZwMVdVRRAB,ครูปุ๋ม ฐานิฎา,5,"ทุกอย่างที่อยากลองกินและตักมา   อร่อยทู้กกก อย่าง จริงๆค่ะ
ปล. มากินครั้งที่ 3 แล้วจ้าาาาา (รูปแรกคือภาพที่มากินครั้งที่ 2 , รูปที่ 2 คือมากินครั้งที่ 3🤩)"
Ci9DQUlRQUNvZENodHljRjlvT21KeWIxOXdhVlJYYWxadFpYQkhMVFpRUzFwSlJWRRAB,nirunya srikeaw,5,อร่อยยย คุ้มค่า คุ้มราคาค่ะ เจ้าของร้านใจดี พนักงานบริการดี
