review_id,author,rating,text
Ci9DQUlRQUNvZENodHljRjlvT25CRlJYUkROV3gyVWtsUlp6UTJaMHhRVkZwMVdWRRAB,May SoHos,2,วันนี้ไปกินตอนเวลาตี1-ตี2ของแถมคือหมูกรอบแต่เหนียวมากเหมือนจะเก่าของทอดต่างๆด้วยเก่าไม่กรอบเกี๊ยวผักขมชีสชีสไม่ยืดไม่อร่อยวันนี้ก่อยมากควรตรวจสอบดูแลเรื่องคุณภาพอาหารและเทรนพนักงานเรื่องนี้หน่อยนะคะ
Ci9DQUlRQUNvZENodHljRjlvT2tWRlRVNWZkRUZ5ZFc0MVNWWm5jM1JJWkc5V2NrRRAB,Thanyaraht Chi,2,ไปกินวันธรรมดาตอน11.00 น กลางวัน คนไม่เยอะ ได้โต๊ะเลย มีโต๊ะว่างหลายโต๊ะ สั่งน้ำซุปที่เค้าเต้อ หมาล่าบวกเงินเพิ่มอีก45 บาทซุปหมาล่าไม่ได้กลิ่นหมาล่าเลย ความเผ็ดเป็นศูนย์ ซุปน้ำดำออกหวาน ซุปค่อนข้างจางไม่เข้มข้น  อาหารได้เร็ว สั่งหมูถาดใหญ่ นุ่มดี ตับนุ่มชิ้นใหญ่ สาหร่ายวากาเมะเค็มมาก หมูห่อสาหร่ายกลิ่นแปลกๆ ไม่คุ้น เต้าหู้ชีส คริสตัลทรัฟเฟิลพอได้ แต่ชิ้นจะเล็ก ออร์เด้อนึงมี3ชิ้น น้ำเดินไปตักเอง น้ำจิ้มสุกี้หวาน พริกปรุงเพิ่มเผ็ดดี ความคิดเห็นส่วนตัว ถ้าพูดถึงคุณภาพน่าจะน้อยหน่อย แต่ถ้ากินแล้วคุ้มก็คุ้มกว่าชาบูแบรนด์ดัง (ถ้าจะเอาอิ่ม) มาลองกินดูเห็นต่อคิวยาวมากสมัยก่อน สรุป ปานกลาง ไม่ได้ติดใจอะไร
Ci9DQUlRQUNvZENodHljRjlvT2xGTFh6QlZjRWt3UjFkamEyOU9NVVJ0V21nekxWRRAB,Luna,4,"วันนี้มีเวลาว่าง เลยแวะมาเจอเพื่อนเก่าที่ชื่อว่า… สุกี้ตี๋น้อย สาขา MBK 🍲
สาขานี้ยังคงท็อปฟอร์มเรื่อง “คิว” เหมือนเดิม  แม้จะมาในวันธรรมดาก็ยังต้องรอคิว แต่ครั้งนี้รอไม่นานเกินไป

อาหารก็ยังคงสไตล์ตี๋น้อย—มีให้เลือกเพียบทั้งหมู เนื้อ ซีฟู้ด และอาหารเล่น ๆ ต่าง ๆ  แต่ครั้งนี้รู้สึกว่าเนื้อหมูที่ได้ค่อนข้างเหนียวไปนิดหน่อย 🤣

ด้านบริการถือว่าใช้ได้ แต่ต้องเรียกซ้ำอยู่บ่อย ๆ เพราะบางทีน้องพนักงานอาจจะรีบ หรือเผลอลืมเมนูที่สั่งไป ต้องเน้นย้ำซ้ำ ๆ หน่อย 🛎️

โดยรวมถือว่าคุ้มกับราคา นั่งกิน นั่งเม้ามอยกับเพื่อนได้เพลิน ๆ กินไป หัวเราะไป สนุกดี ใครสายบุฟเฟ่ต์ก็ยังควรมาลองสักครั้ง ✨

📍 สุกี้ตี๋น้อย MBK Center
เหมาะสำหรับ: มากับเพื่อน, สายบุฟเฟ่ต์, คนชอบนั่งกินชิล ๆ"
Ci9DQUlRQUNvZENodHljRjlvT2toUWRGOW9ZVXhqZFRkeWF6SjNUMmM0VGpaR1RGRRAB,Su Myat Kyi Sin,5,"It was so good that we went there for two times 😮‍💨 The flavor of the soups are on top notch and the meats are all good and fresh. Service also very fast with that amount of people coming. They have a que also always so need to wait like 10 mins to 15 mins. We tried three soups. Mala two times, tom yum and sukiyaki soup were top notch."
Ci9DQUlRQUNvZENodHljRjlvT2xCdmJFRjRXV2hwTkZaVmNpMVBVbEkyYlRGa01XYxAB,Layi Chan,3,ไปกินหลายครั้งมากค่ะ แต่ทุกครั้งที่ไปสั่งเห็ดเข็มทองมาทีไรไม่เคยได้สักที พักหลังๆนี้อาหารออกช้ามากค่ะบางสาขาก็ออกเร็ว กินมาหลายปีแล้วรสชาติทุกอย่างมันเหมือนเดิม  เคยไปกินสาขาศิลา market ไปตัดของกินเล่นตากไก่ทอดมาแล้วเจอขนไก่ เอาไปให้พนักงานดูพนักงานก็ไม่ว่าอะไรมีไก่ชิ้นนั้นแล้วก็หายไปเลย..
ChdDSUhNMG9nS0VJQ0FnTUNJc3M2dXNBRRAB,Chen E.,4,"Suki Teenoi is one of those classic hotpot buffet spots locals keep coming back to—it’s the go-to place when you’re craving hotpot late at night. This branch is especially convenient since it’s located in a shopping mall and stays open until 3 AM, even after the rest of the mall has closed.

The food is just what you’d expect—nothing fancy or special, but definitely satisfying for the price. For under 300 baht, you get a variety of ingredients and a full pot to enjoy. They also offer different soup bases to choose from, so you can customize your hotpot to your taste. Perfect for when you want a no-fuss, late-night hotpot fix with friends."
Ci9DQUlRQUNvZENodHljRjlvT21oSmNVWllaMXBrYmpWNFJWTTRabHBtZUd4dlFXYxAB,สัตยา วิเศษชาติ,5,โคตรดีบอกเรยผมไม่ได้อวยพนักงานบริการยิ้มแย้มเเจ่มใสลูกค้าก้อดีเร็วเร็วทันใจ
ChdDSUhNMG9nS0VNUGZqT3V2c1lYSzl3RRAB,Yuta Sai,4,"Great food, it cost around 500 baht for two people, full buffet, refillable drinks,

they have fried food section such as fried etc… time limit is 2 hours , and you choose your own broth. I would recommmed not going weekends because the line is so long with locals waiting for hours.

You can choose beef, pork, prawns, squid etc….a wide range to choose from"
Ci9DQUlRQUNvZENodHljRjlvT2xvNE1HUlJjMXBVTFhkbU1sSTBiVVl3VW1OcGRFRRAB,Angus Stew Pitt,4,"Food are very decent for the price. The buffet includes different meat options (beef, pork, chicken), vegetables, rice and noodles. There is an unlimited drinks refill option as well and there are different types of sodas and slushies to choose from. You have 2 hours to enjoy the food and it is very suitable if you are eating with a group of friends. If you plan to come for dinner, make sure you come and get a ticket around 6 or 7pm because it will take at least 45mins to 90mins to wait."
Ci9DQUlRQUNvZENodHljRjlvT2t4TVkzbE5aRlJGZWpjNFZraFlRa0p2VjB4NmJrRRAB,Ei Phyu Sin,5,"We paid around 610 THB for two person which includes free flow drink and choice of mala soup (49THB) When we arrived, there were 10 tables ahead of us, and it took around 30 minutes."
Ci9DQUlRQUNvZENodHljRjlvT2xsNVZsVjBNM1JXV0RKVWFrdGZlWFpSWDJoVWRIYxAB,S 2662,2,หม่าล่ายังทำไม่ถึง เหมือนกินเอาแค่กลิ่นไม่เน้นรสชาติ อยากให้ทำถึงกว่านี้อยู่นะเพราะยังไงก็เสียเงินซื้อน้ำซุป ถ้าฟรีรสชาตินี้ก็โอเคเลย
ChZDSUhNMG9nS0VLVGVxUFgzNmZlMENnEAE,Od Oddy,5,อิ่มอร่อยไม่แพง หมู วัว คุณภาพ โดยรวมโอเคมาก มากินหลายครั้งแล้ว สะดวก มาดึกๆได้คิวไม่เยอะมากแล้วแต่วัน มาช่วงคนน้อยได้กินทันที
Ci9DQUlRQUNvZENodHljRjlvT2tOV2MyTlpZVGx6TUZGcVVrRjBSbTVtYmxWcFJVRRAB,Leah Suchanan,1,อาหารดี บรรยากาศดี แต่พนักงานแคชเชียร์ไม่โอเคเลย คนที่ชื่อมุก ตอนคิดเงินพนง.ถามว่าจ่ายแบบไหน เราตอบสแกน พนง.ถามว่ามีสมาชิกมั้ย เราตอบว่ายังไม่มีแต่มาทานบ่อย สมาชิกทำยังไง พนง.ให้สแกน QR Code เราก็สแกนกรอกสมาชิก เลยหลบออกจากแถวทันทีบอกคิดเงินคนอื่นก่อนได้เลย แล้วพนง.ใช้น้ำเสียงที่ไม่โอเคมากๆว่าถ้างั้นยกเลิก QR Code จ่ายตังค์ของเราไปก่อนนะแล้วดึงสีหน้า เราก็อุตส่าห์หลีกให้คนอื่นก่อนทันทีเพื่อไม่ให้คนอื่นต้องรอ แล้วเจอแบบนี้คือไม่โอเค ไม่พอใจทำงานบริการก็หางานอื่นที่เหมาะสมทำเถอะ อย่าให้ลูกค้าต้องเจอประสบการณ์แย่ๆแบบนี้เลย จ่ายตังค์มาใช้บริการ รอคิวอีก 2 ชม. เจอแบบนี้บอกเลยเสียความรู้สึก จากนั้นมีพนักงานคนอื่นมาคิดเงินให้ เรียบร้อยแล้วได้แค่ใบเสร็จแต่มาวันแม่ ทุกคนก่อนหน้าคิดตังค์ได้ของสมนาคุณ พอเราจ่ายตังค์เสร็จไม่ได้อะไร จนได้ถามว่าเค้าทำยังไงกันหรอคะถึงได้ ปรากฏให้ฟรี แต่ถ้าเราไม่รอถามก็คงไม่ได้ ไม่ได้อยากได้ขนาดนี้น แต่ให้คนอื่นแล้วไม่ให้เราทั้งที่ของยังมีอยู่แบบนี้มันคือมาตรฐานของทางร้านหรอ
ChZDSUhNMG9nS0VJQ0FnTUNZN09fR0VREAE,Helen Siswanto,5,"I went here for lunch on a friday. Arrived here 10:50am and it was already queuing. The food was great. The price is 219baht (exclude tax) and for the refill drink, it is 32 baht additional per person.

I got mala soup and sukiyaki. I forgot to take pic of the soup menu but basically They have:
> Tom yam soup
>Sukiyaki soup
>Shabu soup
>Mala soup (+ add 42 baht)

Ambience is crowded but they manage it well. ☺️❤️"
Ci9DQUlRQUNvZENodHljRjlvT25CamVUTmZPV2h3VGxOMGJISjJNa1p2WkRSelRYYxAB,Natacha Lalala,4,มาหลายรอบแล้วเพิ่งรีวิว น้ำซุปดำคืออร่อยมาก รอบล่าสุดเนื้อออสมีแต่มันแจ้งขอเปลี่ยนพนักงานก็เปลี่ยนให้ น่ารักมาก
ChdDSUhNMG9nS0VJQ0FnTURnaXZPdDhnRRAB,Supawut Saengrassamee,5,"ร้านสุกี้ตี๋น้อย สาขา มาบุญครอง (MBK)
ร้านที่มีสาขาอยู่ทั่วกรุงเทพฯ และเริ่มมีสาขากระจายอยู่ต่างจังหวัด

ราคาต่อหัวตกที่ประมาณไม่เกิน 280.- บาท (อาหารและเครื่องดื่ม)

สามารถอิ่มอร่อยได้หลากหลายเมนู (ไม่รวมของหวาน)

ร้านรับชำระด้วยเงินสด และสแกน QR CODE ชำระเงิน (ไม่รับบัตรเครดิต)"
Ci9DQUlRQUNvZENodHljRjlvT2xCWldGZEdTMjVGYzBkeE1WbFRkSGxtUzBOeGVFRRAB,elio,5,"We came here looking for a suitcase and found a great one for just 1,500 THB – super spacious and really good quality. It survived the flight without any issues. Very happy with the purchase! The staff were also extremely friendly and helpful."
ChZDSUhNMG9nS0VJQ0FnSURQbE1DOUtBEAE,Pong Pang,5,"บริการ เรียกพนักงานในคิวอาร์โค้ดที่ให้มา มีให้เลือกเรียกพนักงาน เลยลองเรียกดู เพราะขี้เกียจจะยกธงหรือยกมือเรีนกตลอดเวลา ต้องเรียกให้มาเติ่มน้ำซุปจนน้ำเหือดไปแล้ว พนักงานที่เรียกยังไม่มา จนต้องเรียกเอา เพราะกลัวหม้อไหม้ก่อน

อาหาร อาหารในเมนูทุกอย่างดีหมดค่ะ เนื้อดี ผักดี ในเมนูดีหมด น้ำโค้กดี เหมือนกับสาขาอื่นทั่วๆไป แต่มันฝรั่งทอดกับชีสบอลค่อนข้างเก่าค่ะ ขนาดเอามาแบบเทใหม่ๆยังรู้สึกว่าเก่าแล้วเลย มันยังไงนะ มันฝรั่งทอดถ้าทำสดใหม่จะรู้ว่ามันเป็นแบบไหนเวลากิน นี่ขนาดรอให้มาเทลงใหม่ยังรู้สึกแข็ง และเหนียวในบางครั้งค่ะ

บรรยากาศ อยู่ชั้นสองของ MBK เดินตามโซนร้านอาหารมาเรื่อย เดินข้างนอกจะง่ายกว่า เดินมาถึงศาลหน้า MBK แล้ว เลี้ยวซ้าย เดินไปเรื่อยๆจะเห็นเอง ว่ามีเก้าอี้วางเยอะแยะเลย สีแดงๆคือตี๋น้อยเลย หาง่ายมาก ขนาดไปครั้งแรกยังหาเจอ ปกติหลง MBK ตลอดนะ"
Ci9DQUlRQUNvZENodHljRjlvT2prMVdXVXlOUzB5YjI5RVUzUXdhWHBLTlhCaE5YYxAB,Tanveer Sajib,3,"It took us almost 2 hours to queue to get in, and the food was just average."
ChZDSUhNMG9nS0VJQ0FnTURBM3VHaFJBEAE,Lillian Zun,4,"You can choose it if you want to try suki buffet with reasonable price as it only costs ~285 Bahts per person. Can choose a variety of vegetables & meat like chicken, pork, beef, prawns, clams, octopus and dori fish. It also provides appetisers like french fries & chicken nuggets and 4-5 kinds of cold drinks. The only thing you need to know before you go there is that you might need to wait 1-2 hours of queues there as it’s crowded everyday, both weekends & weekdays."
ChdDSUhNMG9nS0VJQ0FnSURycnBIWHhBRRAB,วิโรจน์ ภัทรพงศาวณิชย์,5,วันนี้ 16/7/67 ช่วงดึกเกือบเที่ยงคืน มาที่สาขาที่34 มาบุญครอง อยู่ชั้น2 มาชิมเนื้อbristket ออสเตรเลีย เป็นครั้งที่10 ของ โปรเดือนนี้ เนื้อนุ่มมาก ต่างจากเนื้อวัวทั่วไป จะค่อนข้างเหนียว แต่ไม่มีหมี่หยกเป็ดย่าง และกุ้งกรอบเชสด้าชีสแบบเดือนที่แล้ว  วันนี้ตามหาSuper Fan ทานฟรี1ปี #กินสุกี้ตี๋น้อยลุ้นกินฟรี1ปี  ด้วย ครั้งนี้เป็นครั้งที่20 เวลานี้ โต๊ะเริ่มว่าง ไม่ต้องรอคิว พื้นที่ข้างในร้านไม่ใหญ่มาก แต่ที่จอดรถแน่นไปหมด หาที่จอดยากมาก ที่จอดรถอยู่จำนวนมาก อยู่ในอาคาร จอดฟรี1ชั่วโมง ต่อไปเสียค่าจอดชั่วโมงละ20บาท  ถ้ามาหลัง21น. ที่จอดรถว่างมาก จอดที่ชั้น2 เข้าห้างโซนบี เดินไปจะอยู่ซ้ายมือ ห้องน้ำอยู่นอกร้าน เดินตรงไปแล้วเลี้ยวขวามานิดเดียว มีแอร์ สะอาด ตามมาตรฐานห้าง
ChZDSUhNMG9nS0VOSE8xclNHNDV5N1p3EAE,Rupert Tan,5,"Super affordable steamboat buffet. However, so expect a long queue, so come early to take a queue number from the counter first. Waitress and waiter will help bring your soup choice. The ingredients which you can order via the provided QR code will be bring over by their robot waiter."
ChdDSUhNMG9nS0VJQ0FnSUNuOTRiUHJBRRAB,Den Denden,5,ร้านสุกี้ที่ต้องใช้ความอดทนในการรอ ถ้าอยากมาทาน การรอแต่ละครั้งประมาณ 90-100 คิว แต่ถ้าได้ลองแล้วก็ต้องถือว่า เป็นสุกี้ที่ราคาคุ้มค่าที่สุด มีอาหารให้เลือกหลากหลาย รวมถึงเนื้อบริสเกต ในราคาที่รวมน้ำแล้ว ไม่เกิน 300 บาทต่อคน ทำให้คนถึงสนใจมาใช้บริการเยอะ เพราะถ้าเปรียบเทียบในราคานี้กับร้าน สุกี้อื่นๆ สุกี้ตี๋น้อย ถือว่ามีความคุ้มค่า มากที่สุดใครที่ชอบทานสุกี้ควรหาโอกาสมาลอง
Ci9DQUlRQUNvZENodHljRjlvT21sc1MxZGtZalpQVDBKWWFFdEdYMjVEZG5nNE1GRRAB,Julia Smith,4,Chinese and Thai cuisine.   The menu is extensive with photos.  Bon Appétit!
ChZDSUhNMG9nS0VJQ0FnSUQzMVlySVZBEAE,Mikael Jeppsson,5,"Eccelent shoppin spread over sevaral 6 - 7 sore buildigs with alot of shopping in everyone of then from topp to bottom.
High end clothes, shos and accesories in one building cheeper shopping cameras mobilephones and accoares in anoter building. Everything from cinemas to gaming is also found here. The place is rarely overcrouded and you always have your one space and there are plenty of seats at the resturants. Dont miss the amazing square combinding the buildings high over street level 🙂"
ChZDSUhNMG9nS0VJQ0FnSURfaDY3Uld3EAE,Shany Ang,4,"Value for money steamboat.

276 baht nett (S$11)  for buffet steamboat with buffet fried item and a wide variety of drink for 2 hrs.

Take queue number from the inside counter and proceed to wait outside.

Be prepare to wait as it took us 30min to wait before getting.

Soup ( Sukiya n Clear Soup) need not order. They will serve themselves.

Just need to order the meat and veg or steamboat item from the QR provided.

Meat n seafood were pretty fresh.

Greatly recommended"
ChdDSUhNMG9nS0VJQ0FnSUNYbmRhWmtnRRAB,Zarni,5,"All are good, but sauce is no good. If you go that you must take Qr number first in the shop and you can wait in front of the shop. If i advise, Q time is very long(about 1 hour), so you take Q first and you go shopping."
ChdDSUhNMG9nS0VJQ0FnSURfLThMWl9RRRAB,tnpfar,4,"วันที่มากินมีโปรโมชั่น
เนื้อออสเตรเลีย กับหมูคูโรบูตะ
เนื้อออสเตรเลียส่วนตัวเหนียวไปหน่อย เหนียวกว่าเนื้ออีกตัวที่ร้านมีตลอดครับ

หมูคูโรบูตะ จะสไลด์หนากว่าหมูสามชั้น ตอนกินจะเคี้ยวเยอะกว่าหมูสามชั้น ถ้าชอบกินง่ายๆแนะนำหมูสามชั้นครับ
ที่ชอบจะมีหมูสันคอ หมูสามชั้น หมูคูโรบูตะ แล้วก็พวกลูกชิ้นกับเกี้ยวครับ

น้ำจิ้มสุกี้อร่อยดี
โดยรวมคุ้มราคา 276net รวมน้ำครับ"
ChZDSUhNMG9nS0VJQ0FnSUN2d1lENExnEAE,Wilawan Prayonghom,1,อาหารรอนานมาก ตาม2รอบ พนักงานบอกว่ารอก่อน จนต้องไปถามแคชเชียร์ ถึงกดเมนูให้ใหม่ อาหารมาไม่ต่อเนื่อง เสียเวลารอไป40-50นาที แบบนี้คือเสียเวลา แล้วเวลาตามบิลก็ลดไปเรื่อยๆ
Ci9DQUlRQUNvZENodHljRjlvT25vMFJHMUhaMUp6YTNabWRXZFRSR1J3VURsc2NIYxAB,Cedric Tutt,4,Buffet hotpot eat as much as you like. Good that there is a penalty for food wastage.
Ci9DQUlRQUNvZENodHljRjlvT2sxeVgyWXlUVFJ3VTJkSVprUXpRV2hzWVRaR04wRRAB,วีระวัฒน์ จําปาสกุล,5,"อาหารสดอร่อย ของกินมีให้เลือกเยอะ
กุ้งเเก้ว เด้งอร่อย  บริการดีมีพื้นที่กว้าง เวลารอคิวมีเก้าอี้ให้นั่งรอ ส่วนตัวคิดว่าสาขานี้ดีเลยค่ะ"
ChZDSUhNMG9nS0VJQ0FnSUN2N2V5SlFBEAE,Oreo,5,ร้านตั้งอยู่ชั้น 2 แถว ๆ จุดแลกเงินกสิกรไทย ถ้ามาวันธรรมดามาก่อน 17:00 น. รอคิวไม่นาน แต่ถ้ามาหลังจากนั้นอาจจะต้องรอคิวนานหน่อย วันนี้อร่อยเป็นพิเศษเพราะมีโปรโมชันกุ้งแก้วพร้อมน้ำซุปต้มยำน้ำข้น ในส่วนของการบริการพนักงานสาขานี้บริการดีมาก น้องพนักงานบางคนบริการดีเหนือความคาดหมาย
Ci9DQUlRQUNvZENodHljRjlvT201bVdsOTNPVEpyTFc4eUxXeFBObk50VkdKNldYYxAB,Candy Royal,1,"สั่งอาหารมาสักพักทานไป
เลยจะขอคืน 3 ชั้น
แต่พนักงานแจ้งว่า เกิน 5 นาที ไม่รับคืน ! !!!!

แต่ในป้ายเขียนว่า ถ้าสั่งมาแล้วคิดว่าทานไม่หมดคืนได้ทันที !!!

ใครมันจะรู้ว่าสั่งมา แล้วจะทานไม่หมด ภายใน 5 นาที ?
มันจะไปรู้ได้ยังไง !!!

สาขา MBK
เคยไปทานที่สาขาอุดร ครั้งนึง สั่งมา ทานไม่หมด ก่อนจะจ่ายเงิน ก็ขอคืนอาหาร สามารถคืนได้ปกติ เกิน 5 นาทีด้วยซ้ำ

ช่วยออกมาให้คำตอบหน่อยค่ะ ว่าเป็นกฎของทางร้าน หรือเป็นเฉพาะพนักงานคนนี้ ที่ไม่อยากรับคืน !!!

ทำไมชื่อร้านเดียวกัน แต่ กฎต่างกัน
และแน่นอนมั่นใจว่าไม่ใช่ว่า คนละสาขา คนละกฎ !
มันต้องเป็นรูปแบบเดียวกันทั้งหมด อยู่ไหม"
ChdDSUhNMG9nS0VJQ0FnSURoMElEczBRRRAB,Parin Janyarak (MFP RAYONG TEAM),5,สุกี้ตี๋น้อยครั้งแรก วันจันทร์ รอคิวประมาณ 50 นาที คนเยอะมาก เด็กเยอะช่วงเย็นๆค่ำๆ สำหรับเราอร่อยในระดับนึง จากการไปกินร้านอื่นๆเราว่าเนื้อ หมูต่างๆ ก็เหมือนกันครับ ยังสู้ย่าง้นยไม่ได้เลยด้วยซ้ำ น้ำจิ้มเข้มข้น  ปูอัดชีสอร่อย พนักงานบริการดีมากๆ หุ่นยนต์แมวชอบเดินชนกันเอง
ChZDSUhNMG9nS0VJQ0FnSUNfNU83cUlnEAE,Tejus Arya U,5,"MBK Center is a famous mall in Bangkok for many reasons—the main one is its over 2,000 stores spread across its eight floors and its unique blend of traditional Thai culture with modern retail convenience."
ChZDSUhNMG9nS0VJQ0FnSUNKaC1uTUtnEAE,Watcharapong Prommee (TON),5,อาหารอร่อยมาก น้ำซุปคือดี และที่สำคัญราคาถูกมาก อยากให้มาเปิดที่เชียงใหม่ ติดใจมากเลย บริการดีเยี่ยม รอคิวไม่นาน เดินทางสะดวกสุดๆ
ChZDSUhNMG9nS0VJQ0FnSUNGZzcybGF3EAE,story ks,5,"อร่อยมากก คุ้มสุดดดดด สุดดดดดดดด
ไปช่วง 18.00 รับบัตรคิว แล้ววววว แล้วววว รออีก 118 นะครับ
รอคิวประมาณ 2.30 ครึ่ง ถึงจะได้กินน

เนื้อนุ่มมากกก อาหารมาไว ไว ไว แบบไว จริงๆ กินแบบต่อเนื่องไม่มีสะดุด สั่งปุ๊ปมาเลยยย ยยย

ปล. พื้นตรง station เครื่องดื่ม เหนียววววว จริง อะไรจริง
ปล.2 ไม่รับบัตรเครดิตนะครับ อดสะสมแต้ม"
ChZDSUhNMG9nS0VJQ0FnTURBb0lqdUxREAE,Dooly Tech (Suresh Dooly),4,"When compared to last 3 years. Now it is bit costly.
At the ground floor you can buy inner wears at good price.
Easy to reach the metro station from the mbk center. Worth visiting here to buy the souvenirs. More and more of beauty and cosmetic things are available."
Ci9DQUlRQUNvZENodHljRjlvT25OS05XOHhUelpyZVdOaU5XeE9TbFI0VjBjMlZYYxAB,Tim A,5,"Be preferable to spend hours just browsing an impossibly large selection of merchandise, plenty of choice.. I think you could buy virtually anything here, great selection of restaurants and lots of lovely massages places also available"
Ci9DQUlRQUNvZENodHljRjlvT21WTWRucFZOMGxqTFRkSE5XSnVTa1ZVT1VwV05FRRAB,erin,4,"Food was solid, it definitely made us full. It was good enough but nothing breathtaking."
Ci9DQUlRQUNvZENodHljRjlvT25acFRVWkdlRzQwVkUwelFqQXdNblJGVlZGU1pHYxAB,Toto Np.,3,ปกติฉันมากินสาขานี้ประจำ แต่เมื่อคืนฉันมาทานแล้วกดน้ำชาไทยมะพร้าวมากิน มีรสชาติที่จืดมากไม่เหมือนทุกครั้งที่ฉันมากิน ฉันรู้สึกผิดหวังมาก
ChZDSUhNMG9nS0VJQ0FnSUMxOHI3V1F3EAE,Chemill Jaequaline,5,ชอบมากๆ เดินทางเข้าถึงสะดวก มากรุงเทพกี่รอบก็มากิน ประทับใจมาก น้ำดำเข้มข้น น้ำหม่าล่าเผ็ดสะใจ ชอบมากๆโดยเฉพาะสเลอปี้สับปะรดพริกเกลือ
ChdDSUhNMG9nS0VLN3g3Si1ULTZIWDd3RRAB,Aof Bandit,1,"บริการแย่มากกกก ไม่เคยเจอสาขาไหนแย่ขนาดนี้มาก่อน มากัน3คน เตาเสีย พนักงานเอาเตาเสริมมาเปลี่ยนให้ เตาที่นำมาเปลี่ยนไม่ยังไม่ร้อนอีก ต้องมาเปลี่ยนอีกเป็นรอบที่2 คือคุณจะไม่ทดสอบก่อนเอาออกมาให้ลูกค้าก่อนเหรอ ว่ามันใช้ได้ไหม เสียเวลาไปเป็นครึ่งชั่วโมง ชดเชยด้วยการเพิ่มเวลาให้อีก20นาที แต่20นาทีที่คุณทดให้คือครึ่งชั่วโมงที่ผมเสียไปไงครับ ประเด็นคือเสียความรู้สึกที่ตั้งใจมากินกันแบบนี้ความสุข แต่ต้องมาเจอข้อบกพร่องซ้ำซากและไม่มีความมืออาชีพ และต้องมานั่งรอการแก้ปัญหาในระหว่างที่ท้องหิว

ชดเชยด้วยการทดเวลา20นาที มันคุ้มมั้ยครับ"
Ci9DQUlRQUNvZENodHljRjlvT21aNFowVm9lbkpEUkZWQ0xVeGFkV3BwU0VWd1gxRRAB,Maria,5,My favorite go-to place with my boyfriend. Staffs are nice and approachable even they're tired which is a plus.
Ci9DQUlRQUNvZENodHljRjlvT21GUUxXNHlkRlZVTUY5a1RETmtNRUZGT0RSUFpIYxAB,D - DAY,3,"ข้างนอกรอคิวนานมากและร้อนมากไม่ใช่ประเด็น ประเด็นคือโต๊ะที่อยู่โซนใกล้ที่จ่ายเงินร้อนมาก แถมตักน้ำไกลโคตร ได้นั่งแถวโต๊ะ1 ด้านหน้าในสุดของร้าน ตอนเดินไปตักน้ำคือเดินไกลมากกก ที่กดน้ำอยู่หลังสุดของร้าน ถ้าอยู่ตรงกลางจะดีกว่านี้
พนักงานบริการดี อาหารอร่อยเหมือนเดิม"
ChdDSUhNMG9nS0VMblZvTHpidXB1NHVBRRAB,Hung cw,4,"All you can for 2 hours, $276 include free flow of drink. Food within normal standard consider the reasonable price"
ChZDSUhNMG9nS0VJQ0FnSURoenZteWNBEAE,PATTRAPORN CHAROENRAT,5,คนเยอะมากแต่รอคิวไม่นาน พนักงานบริการดีมากๆ อาหารสด ใหม่ มีไซส์ถาดหมู/เนื้อให้เลือกด้วย สาขานี้มีของทอดบริการ และมีช่องเสียบ usb ให้ด้วย ชาร์ตแบตมือถือสบายเลย
Ci9DQUlRQUNvZENodHljRjlvT2w5dFRFaDBiMTlKYWxJelZreE5NMnRZZW1zM2RGRRAB,Ammaraphorn Meesakul,1,มากี่ครั้งก็คิวเยอะตลอดมากินบ่อยมากเห็นบ่อยครั้งที่โต๊ะว่างเเต่ไม่เรียกคิวเรางงเหมือนกันว่าเพราะอะไรหลายครั้งมาก มาบางทีพนักงานเหมือนเหนื่อยมากๆเเล้วเราเรียกใช้บริการเหมือนใส่อารมณ์กับเรา
Ci9DQUlRQUNvZENodHljRjlvT21SU1ZFOXZibUp4WjNGb1VUTkVUSHBsVlU5UVdYYxAB,ชลดา จินาพันธ์,1,ฉันและครอบครัวไปทานที่สาขา mbk เมื่อวันที่15/09/68 วันอังคารเวลาเที่ยงคืน หลังรับประทานอาหารมีอาการตาบวมและปวดตาทุกคน (3 คน) ซึ่งไม่ใช่ครั้งแรก เคยเกิดขึ้นมาแล้วครั้งหนึ่ง จึงสงสัยว่าอาจมีปัญหาเรื่องวัตถุดิบหรือสารปรุงอาหาร อยากให้ทางร้านช่วยตรวจสอบเพื่อความปลอดภัยของลูกค้าค่ะ
Ci9DQUlRQUNvZENodHljRjlvT21WaWVUSk1NMUIyYVhNeWMxRlRaelF6UzBKTmNXYxAB,Amitava Saha,5,"Great place for shopping at reasonable price-clothes,shoes, electronics, souvenirs -lots of food joints are there also"
ChZDSUhNMG9nS0VJQ0FnSUM3aHA2bFhBEAE,Phương Anh,5,"Cheap price, high quality. Fast food preparation, enthusiastic staff. You should book in advance to avoid waiting time. The hot pot broth is fragrant, delicious, and easy to eat for tourists"
ChdDSUhNMG9nS0VJQ0FnSURMbDRyQTFBRRAB,ฮอนด้า ไฮเทค,5,สาขานี้อร่อยมากค่ะของได้ไวครบทุกอย่าง ข้อเสียคือรอคิวประมาณ2-3ชม.กว่าจะได้กินแนะนำถ้าจะมากินสาขานี้จองคิวไว้ก่อนแล้วไปเดินเล่นรอยาวๆ แล้วห้องน้ำต้องเข้าในห้างเดินไกลนิดหน่อย อยากให้ตี๋น้อยทุกๆสาขาที่ไม่มีห้องน้ำในร้านให้ทำจุดล้างมือให้ลูกค้าก็ดีนะคะเวลาแกะกุ้งแล้วมันคาวมือค่ะ เพื่อความสะอาดและสุขอนามัยที่ดี👍🏻
Ci9DQUlRQUNvZENodHljRjlvT2xoeFRtcHZSMHRoVWtzek4yRlpTMVZwWkhOWVdVRRAB,Elma Kikukawa,5,There’s a food court on 6th floor. A lot food choices 😋 delicious and affordable 👍
ChdDSUhNMG9nS0VJQ0FnSUMzNm83THBBRRAB,J “𓆝 𓆟”,3,"we all know this restaurants fully packed. Now I'll tell the facts based on my personal experience.

Staffs: only 1 or 2 staffs can speak english. MBK center is also tourist attraction. They should hire some staffs who can communicate in Eng to get better customer experince.

Place: there are lots of tables. They also have robotos to assist cus. Pretty quick to get your order.

Food: Hot pot soup has lots of MSG. 😭
(I got headache and got some symptoms of MSG after eat that)

Personal recommendation: I wont recommend to eat with chess. It does not make taste better. You just have to carry that chesse stan cuz it always immerse in the hot pot soup:"")"
Ci9DQUlRQUNvZENodHljRjlvT2pSTE1XeGpPRUZXT0V0RU1XSnNjV0pmYTBZMFNHYxAB,ปภาวรินท์ จันทรังษี,1,คิดค่าน้ำรีฟิวทั้วที่ไม่ได้กินน้ำสักอึกเลยค่ะ ก่อนหน้านี้มา เพื่อนเราที่มาทานด้วยเอาน้ำรีฟิวแต่เราไม่เอาไม่มีปัญหารอบนี้เรามาเราไม่เอาแต่บวกเพิ่มแล้วให้เหตุผลว่าต้องไม่เอาทุกคนทั้งที่ก่อนหน้านี้ไม่เห็นมีปัญหา น้ำก็มีแค่แก้วเดียวแต่ยังคิดทั้งที่ไม่ได้กินเลยแย่มากค่ะ ผิดหวังมากทั้งที่ก่อนหน้านี้รู้สึกพอใจกับสาขายี้มากๆค่ะ
ChZDSUhNMG9nS0VJQ0FnSURQdXFHcmFBEAE,Zubair Khan,4,"Best shopping mall near to Siam in Bangkok.
You can have good clothing stuff in average price range from here.
I purchased t shirts in sell at ground floor."
Ci9DQUlRQUNvZENodHljRjlvT25GQmRWRk5hRzlxVFZWQ1RuZDRhVjlpUzJ4cWRHYxAB,Napassakorn Chanthanasukon,5,ไปตอนพักกลางวันคนไม่เยอะมากไม่ต้องรอคิวเลย ไปปุ๊บได้ที่นั่งเลยทานไปชั่วโมงเดียวกลับมาทำงานต่ออิ่มมาก ฟินสุดๆ
Ci9DQUlRQUNvZENodHljRjlvT25WbFNFZG1hM3B0Um1GbGJXczFPV2QwTkhOQ1NWRRAB,Phanlert Mel.,1,"แย่มากดูคิวในแอปเหลือ 11 คิว ยังไม่ถึง 1 นาทีเราปัดแอปอีกที่ถึงคิวเราเลย ณ ตอนนั้นเราอยู่แถวนั้นนไปนั่งรอในห้าง เราก็รีบเดินไปร้านทันทีประมาณ 1 นาทีพอเดินถึงร้านพนักงานบอกต้องรอโต๊ะอีก 1 โต๊ะค่ะเพราะให้คิวคนอื่นไปแล้วอะก็รอนานมากกกก แบบนี้ผิดที่อะไรระบบหรือตัวเราเองที่เดินมาไม่ทัน?ขอย่ำนะเราปัดแอปดูเลขคิวตลอดเวลา  ห่วย
ส่วนอาหารดี
บริการพนักงานกลางๆดูไม่ใส่ใจ"
ChdDSUhNMG9nS0VJQ0FnSUNsb2I3T29RRRAB,sommai lertularn,3,"คุณภาพตามราคาครับ 276บาท เวลา2ชั่วโมง ต้องลองเองครับ ลองได้ไม่เสียใจไม่เสียดาย ชอบไม่ชอบตัดสินกันเอง
ผมกินแต่เนื้อ ถือว่านุ่มโอเค ชีสหอมดีถ้าชอบ ลูกชิ้นชีสอร่อยโอเค อย่างอื่นๆก็มาตรฐานครับ ของทอดไม่ค่อยแนะนำครับ น้ำจิ้มก็โอเคครับ
กุ้งและของทะเลก็มีนัยนะครับ แต่กุ้งต้องแกะเอง เลยไม่ได้กิน
ชอบน้ำสัปปะรดพริกเกลือ แปลกดี
ขนม ไอติมเสียเงินเพิ่มเลยไม่ได้กิน
วันนี้โชคดี เดินผ่านแล้วไม่ต้องรอคิว
ถ้าต้องรอนานเป็นชั่วโมง คงไม่กินครับ แต่ถ้าเน้นถูก ถือว่าคุ้มครับ"
ChZDSUhNMG9nS0VJQ0FnSUMycWFuQWJ3EAE,Chairat Wongkitrungruang,5,สุกี้ตี๋น้อย ร้านชาบูบุฟเฟ่ชื่อดังมาเปิดที่ MBK เมื่อไม่นานนี้ มีคนรอคิวจำนวนมาก สามารถติดตามคิวได้ผ่านแอพ มีรายการอาหารให้เลือกหลากหลาย รสชาติดี พนักงานดูแลเอาใจใส่ดีมากๆ ใครมาก็ติดใจ
Ci9DQUlRQUNvZENodHljRjlvT2pOSVRXaGhablkxTjA1eFUzb3hYMmN4Y0ZsMGVrRRAB,CaChowii,5,ไม่คิดว่าเจอคนเยอะขนาดนี้ ตอนแรก ขึ้นมากรุงเทพฯ มีแต่คนแนะนำ ให้ไปกินสุกี้ตี๋น้อย ก็คิดว่ามันน่าจะเป็นชาบูธรรมดา แต่เปิดประสบการณ์ใหม่มาก เพราะว่าน้ำต้มยำ อร่อยจริง มันไม่เหมือนแบบคนอร์ หรือเป็นผสมเครื่องปรุงเป็นผงอะไรอย่างเงี้ยค่ะ มันได้รสชาติต้มยำจริงๆ แต่ขอติเรื่องอาหารทะเล กุ้ง ตัวเล็กมาก ถึงมากที่สุด ส่วนหอยแมลงภู่ ตัวใหญ่ แต่คาวมาก เลยสั่งแค่ถาดเดียวแล้วลองชิม แล้วก็ไม่สั่งอีกเลย ส่วนน้ำจิ้ม เป็นคนไม่กินเผ็ด แต่ 2 สูตรที่เตรียมมา ของทางร้าน เผ็ดทั้งสองเลย แต่โดยรวม ถือว่าดีค่ะ เพราะประทับใจ น้ำต้มยำมาก ถึงเครื่องจะดูแน่นๆ แต่มันไม่เผ็ดจนกินไม่ได้ พอเหยาะมะนาวไปซัก 2-3 หยดมันอร่อยมาก อันนี้คือกินครั้งแรกนะคะ สัญญาว่า มากรุงเทพฯอีกก็จะกินอีก อยากให้ไปเปิดที่ภูเก็ตมากค่ะ รับรอง คนแน่นเอี๊ยด
Ci9DQUlRQUNvZENodHljRjlvT2tKS2JsbHVaemN0TkhkVk5qWnRWV0o1VkdWUVVtYxAB,Nanda Kumar,5,"Nice place to shop. Bargain, Bargain, Bargain.

I got my samsung ultra 23 display glass changed for less than half price of that of in India. Technicians were ultimate professionals and truly skilled.

Just ask around multiple shops to get good price."
ChdDSUhNMG9nS0VJQ0FnSUNmczUzRWlBRRAB,Sirisak Ngamluxsana,4,ร้านอยู่ชั้น 2 ติดกับสะพานลอยข้ามไปฝั่งสยาม รอคิวค่อนข้างนาน คนค่อนข้างเยอะ
ChZDSUhNMG9nS0VJQ0FnSURoOVl5c1l3EAE,T'ee Tee,3,"เพิ่งได้มาลองสักที, การรอคิวคืออุปสรรคใหญ่  โดยรวมโอเครครับ เสียดายที่น้ำจิ้มไม่ฟินเท่าไหร่ ออกหวานเกินไป และรสสัมผัสหนักไปหน่อย,  นอกนั้น""สายคุ้ม""น่าจะชอบ, หุ่นยนต์ส่งอาหารน่ารักดี เป็น Gimmick ที่ช่วยให้เพลินตาดีครับ สร้างบรรยากาศให้ครึกครื้น ช่วงนี้มีเมนูพิเศษ เป็นเนื้อ Brisket ออสเตรเลีย ช่วยเพิ่ม Value ให้รู้สึกคุ้มมากขึ้น, ที่ชอบอีกอย่างคือหมูสามชั้นสไลด์ แต่สันคอหมูสไลด์ กับ เนื้อวัวสไลด์บางไปนิด แค่เอาตะเกียบไปคีบ ก็ขาดติดตะเกียบกันเลยทีเดียว"
Ci9DQUlRQUNvZENodHljRjlvT2paNWVYUkpNbWRJV1RoTFdHcGtPVmRxTkhaUWMzYxAB,Kwang jumpawatta,5,"อาหารสะอาด สดใหม่ มีให้เลือกหลากหลาย
ช่วงนี้มีโปรแถมน้ำดื่มรีฟิวฟรีด้วย"
ChZDSUhNMG9nS0VJQ0FnSUQyOTV5ZlJBEAE,TOMashi R,4,"ครั้งที่2สำหรับสุกี้Buffetตี๋น้อยคราวนี้มาลองสาขามาบุญครองเพราะคุณป้าอยากลองกินดู... ราคาร้านนี้ว้าวมากไม่แพงผู้ใหญ่หัวละ219บาท(ยังไม่รวมVat)เครื่องดื่มถ้าRefillราคาหัวละ39บาท(ยังไม่รวมVat)แต่รสชาดอาหารกลางๆไม่ได้ว้าวมากเหมือนราคาน้ำจิ้มสุกี้ไม่อร่อยกระเทียมสดที่ใส่น้ำจิ้มสับไม่ละเอียดมาก แต่ที่ไม่ชอบที่สุดของร้านนี้คือการรอคิวของร้านนี้เมื่อวานใช้เวลารอคิวทานนานมาก(ยกกำลัง10)รอไปนานประมาณ3ชั่วโมงกว่าจะได้กิน😅หลังจากกินเสร็จถามคนที่อยากลองกินว่าเป็นอย่างไรหลังจากได้กินแล้วคุ้มค่ากับการรอคอยหรือเปล่าจะกลับมาRepeatอีกมั้ย?.....คำตอบที่ได้คือ""ยิ้มแห้งๆ""5555😂แต่ที่ต้องขอชมจริงๆเลยของร้านนี้คือ👍👍น้องๆพนักงานที่เสริฟบริการดีมากๆๆๆๆ👍👍
#สรุปร้านนี้ที่ว้าวมากคือ
1.ราคา
2.พนักงานเสริฟที่ร้าน👍👍👍"
ChZDSUhNMG9nS0VJQ0FnSURSb3E3MlZnEAE,Misha Il'ves,4,"It's cost 276, but also u have to pay for vegi many 78.

U have to wait 2 hours in the line, but they have handy application for this, so u can go shopping.

Stuff doesn't know English at all, so we wasted our time for understanding rulse of this place 🙄 But otherwise the service is fast and everyone is doing well. We waited for our order for a maximum of 5 minutes.

some rules for those who are in such a restaurant for the first time:

1. You pay per per person
2. You have two hours for the meal
3. You can reorder several times
4. To call the waiter (who will help you mark the food) raise the red flag
5. They top up the soup broth themselves, but you can call the waiter if this doesn't happen.
6. Calculate how much you can eat!  for each left bowl of food you pay extra 100 THB"
ChdDSUhNMG9nS0VJQ0FnTUN3cXV5cWpBRRAB,BAM NTNCH PN,5,ชานมไข่มุกบุกอร่อยมากกก แต่คิวยังรอนานอยู่ๆแนะนำให้ไปช่วงสี่โมงเย็นไปจองคิว
ChdDSUhNMG9nS0VJQ0FnSUNlcXRQTzFBRRAB,jetsika roidoung,5,"เริ่มแจกคิว 11.20 น. แต่สามารถไปยืนรอก่อนเปิดเพื่อเข้าแถวรอก่อนได้
ไปถึง 11.27 คิวรอบแรกหมดพอดี ได้เป็นรอบ 2 ซึ่งก็ได้เข้าไปกินตอน 13.00 น. เดินไปทำธุระกลับมารอไม่นานก็ถึงคิว

สาขานี้มีของทอด น้องหุ่นยนต์ก็แข็งขันขยันเสริฟมาก
อาหารรสชาติดี ของทอดก็ดี เครื่องดื่มมีหลากหลาย"
ChZDSUhNMG9nS0VJQ0FnSURPelByMmRnEAE,FaNgZ WTF,3,"ราคาหัวละ 219 +39 น้ำรีฟิล มีหมู ไก่ ทะเล ไม่มีเนื้อ มีน้ำจิ้มสึกี้และน้ำจิ้มซีฟู้ด ของทอดมี 3อย่าง เฟรนช์ฟรายด์ ฟองเต้าหู้ปลา เต้าหู้ชีส สันคอสไลด์มาบางดี มีน้ำซุปดำและใส อาหารออกช้ามาก รอบแรกรอ20นาที คนเยอะจนเรียกพนง.ยาก ไม่เก็บคอนโด รวมๆแล้วธรรมดา ไม่มีอะไรโดดเด่น

แนะนำจองคิวผ่าน แอป queq มาก่อนจะดีกว่า"
Ci9DQUlRQUNvZENodHljRjlvT2xSaVFVNHlObmw0WVVKeFltaEtkMUJ2V0Zob1VHYxAB,Han Ni,1,"Last night’s dining experience didn’t go well at all. The waiters kept coming over asking whether the guests had finished all the food we ordered, saying that if it wasn’t all eaten, We would have to pay for it. We already said we pay if we can’t finish the food.They even acted rudely in front of the guests, saying things like ‘If they’re not going to finish it, why did they order so much?’ The guests hadn’t even left yet, but the staff were already blaming us in front of others.
I don’t want to go back again this place."
Ci9DQUlRQUNvZENodHljRjlvT2xGd2FrUk9kRXhuV1dGWE9FNDBWMVk1UkZSTVpVRRAB,Teeraporn Cha,4,ทุกอย่างดีหมด ยกเว้นพนักงานคิดเงิน หน้าเหวี่ยง เล่นมือถือ ไท่โฟกัสลูกค้า ถามย้ำว่าสแกนหรือบัตร ก็ตอบไปแล้วยังถามซ้ำ ไม่ชอบงานบริการ ก็ไปสมัครงานอื่นดีกว่ามั้ย
ChdDSUhNMG9nS0VJQ0FnSUN6OC1Qem93RRAB,Inea Tepta,4,ดีครับ ช่วงเช้าวันธรรมดาคนไม่เยอะ ไปช่วง11:30โมงวันอังคาร ไม่มีคนรอคิว เดินเข้าไปได้ที่นั่งเลย
Ci9DQUlRQUNvZENodHljRjlvT2tKS2JIRnpVVTFNVURsd1VHSTBjRGhrUTFsWGFXYxAB,tanapun vimanmunee,1,มากัน 5 คนแต่ให้นั่งโต๊ะ 4 ที่แล้วให้เก้าอี้พลาสติก อีกตัว แล้วผมจะรอคิวตั้งนานเผื่อ ถ้าบอกต้องนั่งเบียดหรือเก้าอี้เสริมก็บอกแต่แรก
Ci9DQUlRQUNvZENodHljRjlvT2tkWWJuUkpSVVJaUVdWT1ZXUkJUMHd5Y2tSUGIyYxAB,ชัยกรณ์,5,วันนี้มาใช้บริการ สั่งข้าวไปกินหมดไปแล้ว1ถ้วยพอสั่งเพิ่มอีกหมดหรือว่ากำลังหุงอยู่มีพนักงานเดินมาแจ้งว่าข้าวหมดเราก็ถอดใจรู้สึกไม่อร่อยเพราะขาดข้าวผ่านไป10นาทีมีพนักงานชื่อปันมาเสริฟ์ข้าวและพูดว่าคุณลูกยังรับข้าวอยู่ไหมครับตอนนี้ได้แล้วครับจนเราลืมไปเลยว่าอยากกินข้าวแต่ขอชื่นชมเป็นอย่างมากที่จำได้ด้วยเพราะเขาเดินมาเสริฟ์อาหารพร้อมนำข้าวถ้วยนั้นมาด้วย  🥰🥰🥰และเราก็รู้สึกอร่อยอีกครั้งเพราะอยากกินข้าวจริงๆและกินข้าวไป3ถ้วย🍚🍚🍚🍚🍚
Ci9DQUlRQUNvZENodHljRjlvT2w5MlpVeDBjek5LYmpob1RqRklaR3M0VEdWdlMyYxAB,Somnuek Purataka,5,ทุกอย่างถือว่าโอเคดีของอร่อยเยอะแต่เสียดายไปกันแค่ 3 คนไม่ได้กินเป็ดฟรีเลย😂😂😬
ChZDSUhNMG9nS0VJQ0FnTURvNHJDclFBEAE,Lauren Rogers,5,"If you're looking for designer dupes, this is the place. This is basically all this mall has though, so if you're not into that then you can skip this mall."
ChdDSUhNMG9nS0VJQ0FnSUQycWEtM3hBRRAB,lai light,3,รสชาติไม่ดีเท่าสาขาอื่น ของทอดเหมือนมีไองั้นไม่ได้อร่อยอย่างที่คาดหวังไว้ แต่จริงๆราคานี้คือคุ้มแล้วอ่ะนะ เพียงแต่ก่อนหน้านี้กินเจ้านี่ไม่ว่าอะไรๆมันดูคุ้มค่า คุ้มราคา แล้วอร่อยไปซะหมด ลองปรับปรุงดูนะครับ เป็นกำลังใจให้
ChZDSUhNMG9nS0VJQ0FnSUQtbXB6LWN3EAE,Supharin Minsuwan,4,"**ปล.พนักงานอีกคนมาขอโทษและขอเพิ่มเวลาให้แล้วนะคะ รวมๆบริการดีค่ะ มาแย่แค่คนๆเดียว**
มาลองทานครั้งแรก รอ2ชม.ครึ่งค่อยได้กินไม่เท่าไหร่ นั่งรออาหารปาไป45นาที พอถามพนักงานบอกรอเอาจากแมว แมวจะมาส่ง ช้าไปอีก คนมาทีหลังดันได้ก่อน เสียดายเงินมากบอกตรงๆ ดูเวลาในภาพได้เลย"
ChdDSUhNMG9nS0VJQ0FnSURqMS16ZzlRRRAB,MinnyNemo Kanomcake,5,"อร่อย ไม่แพง บริการรวดเร็ว สมราคา
แต่รอนานเป็นชั่วโมงเลย คุ้มกับการรอ
ใครกินจุๆ คุ้มแน่นอน"
Ci9DQUlRQUNvZENodHljRjlvT2tGYVFYUkRTMGxaU0ZwYVZHbFlSV0ZZVEVWNlUyYxAB,NAMFON KPS,1,ปกติเราเป็นคนกินตี้น้อยบ่อยมากนะสาขานี้ แล้วรอบนี้ไม่ประทับใจตั้งแต่ถึงคิวเราแล้ว เข้ามาให้เรามายืนงง เพราะโตะยังไม่ได้ เคลียร์  พนักงานไม่มอง แล้วพอผ่านไปชักพัก โตะตรงข้ามก็มา เราสั่งอาหารไปแล้ว ผ่านไปประมาณ10 โต็ะข้างๆได้ก่อนเราเฉย เราที่นั่งก่อน ยังไม่มีอะไรมา เสียความรู้สึกมาก มารอบนี้
ChdDSUhNMG9nS0VJQ0FnSUN4LVpXN2hRRRAB,Pro,5,แวะมากินสาขานี้ครั้งที่ 5แล้ว ครั้งนี้รอไม่นานเท่าไหร่ รอ 16 คิว ใช่เวลารอไม่เกิน 30นาทีและครั้งนี้ได้เจอกับการสั่งอาหารแบบใหม่สแกนผ่านคิวอาร์ เลือกเมนูสั่งจากโทรศัพท์มือถือได้เลย บุฟเฟ่สุกกี้และเครื่องดื่มรีฟิว จำกัดเวลา 2 ชั่วโมง
Ci9DQUlRQUNvZENodHljRjlvT2paWWRYZFBNRVIxVWxSVlNrRmZOR1ZUUVdOM2VIYxAB,Ananya Angsuwan,1,พนักงานตลกอะไรหรอคะ? ยืนเลือกน้ำซุปอยู่ก็พูดแทรกทั้งยืนขำลูกค้า สภาพพพพ
ChZDSUhNMG9nS0VJQ0FnSURwcU83Z05REAE,K Maglabe,5,"Great place to eat. The soups were amazing. The meats and seafood are fresh. If you want somewhere to eat and ve filled, go here. It's a good hangout place with friends. Or even bring a date. Just be ready to queue. Very, very, very long lines. We had to wait 3 hours. The queueing system is good, at least."
ChdDSUhNMG9nS0VJQ0FnSURoNHRyNmlBRRAB,Thannarat Paisanruttanakan,4,"กินเป็นครั้งที่ 2 ไปรับคิวตอน 2 ทุ่ม ได้กิน 4ทุ่มครึ่ง
หมูสไลค์ ดี สด สะอาด ชิ้นไม่บาง น้ำจิ้มซีฟู้ดควรวางบนโต๊ะให้ด้วยนะคะ พนักงานใส่ใจลูกค้า แม้นจะดึกแล้วก็ยังยิ้มแย้ม"
ChZDSUhNMG9nS0VJQ0FnSURtamFhVVVBEAE,myname vk.,4,"Thai's famous Buffet Chain. It's Suki with 2 soup and Many food you can order including Meat,Seafood,Vegetable. Beverage is Soft drink and Herbel drink with Refill bar. Only this branch,its have Side dish menu bar. (Fried food and Dimsum). Price 276 NET for 2 Hour. you can order and check status of queue via Queq Application."
Ci9DQUlRQUNvZENodHljRjlvT2tWUlluRjZlVkJvVUZVeVFtbDFVM0pDYnprd05XYxAB,Milk,2,สไลด์หนาไปไม่เหมือนแต่ก่อน หมูแต่สีเหมือนเนื้อมากก ไม่ค่อยประทับใจเท่าไหร่
Ci9DQUlRQUNvZENodHljRjlvT21ZeGFtcGxYekpZYWtaSWQzTlhaRVZ5WDJGWVpIYxAB,mugiwara kaizoku,1,"รันคืวรอลูกค้าได้แย่มากๆๆๆ
คนกดคิวA มา 2 คนแต่ยกโต๊ะ 4 คนให้เฉย
คิว B กับ C  ที่ มากัน 3 คนขึ้นไป
ยืนรอเป็นชั่วโมง กระดิกยังไม่ถึง 10 คิวเลย
ทุเรศและห่วยแตกมาก"
ChdDSUhNMG9nS0VJQ0FnSURSNVBtaTN3RRAB,Grace HappyLife,5,"For more information pls DM my IG @enjoyhappylife.ig
ชอบมากกกกก
อร่อยยยย ชอบน้ำจิ้ม
สุทธิแล้ว หัวละ 276 รวมค่าบุฟและเครื่องดื่มรีฟิล
มีเนื้อวัว และซีฟู้ดด้วย
แต่เราชอบหมูสุด ส่วนน้องชายชอบวัว
คิวเยอะมากเลยนะ รีบมาเอาคิว ละค่อยไปเดินเล่น
แต่ 36 คิว รอประมาณชั่วโมงกว่า หน้าร้านมีที่นั่งรอ
ร้านใหญ่มาก
แต่รวมๆแล้วราคานี้ถือว่าดีเลย เมื่อเทียบกับร้านบุฟเฟต์ร้านอื่นในกทม. ถือว่าคุ้มค่า

ที่ชอบคือเครื่องดื่มมีน้ำเปล่าให้กดด้วย ซึ้งน้อยร้านจะเป็นแบบนี้ ส่วนใหญ่ร้านอื่นจะต้องซื้อน้ำเปล่าเพิ่ม

จอดรถใน mbk ได้"
Ci9DQUlRQUNvZENodHljRjlvT25KYU1uZG1OM0JRVlVod1ZIUXhhR3hpTlhoV01IYxAB,f kk,1,"วันที่ 14/07/68 เวลา 03.00 น. มาใช้บริการที่สาขา mbk พนักงานบริการเก็บร้านเสียงดัง ที่หนักสุดคือพูดคุยกันเสียงดังมากกกกก ส่วนมากเป็นต่างชาติ มีตะโกนพูดข้ามหัวกัน ผมตั้งใจจะนั่งถึงจนปิดร้าน สุดท้ายนั่งกินอยู่ถึงตี4 ผมคุยกับแฟนทนไม่ได้เราออกมาเลย

เข้าใจหัวอกว่าอยากคุยกัน แต่ควรมีมารยาทนิดนึงนะครับ สำหรับผมแบบนี้มันเกินไป ไม่ประทับใจอย่างมาก"
Ci9DQUlRQUNvZENodHljRjlvT25VdFFreDVhbE5PZURVMGFsaHdlRUp5WjBoWGNuYxAB,Htet Nanda,4,Brands are often discounted at MBK center. Foods are clean and tide. You can try and available for many options. Worth  place to visit. It's not wasting your time.
ChZDSUhNMG9nS0VJQ0FnSURlME8yaUJBEAE,Raphael Tso,4,"Very cheap, how do they earn money with this price? Not to expect high quality of meat, but they are all fresh. If they have soy sauce, it would be perfect. All the staff only speak in Thai, foreigners may not easily communicate with them."
Ci9DQUlRQUNvZENodHljRjlvT2s1RFFXUjRNRnBOY0c5R1V6VnFTR1ppUlRKZldsRRAB,Ameen Amir,5,"Me and friend went there for me, real good for this price. All my thai friends they love this food. Its mean cheap and good food."
ChZDSUhNMG9nS0VJQ0FnSUNPM083QUZBEAE,Thanaseth DEJ,5,"สถานที่ไม่ใหญ่มาก
บรรยากาศดี บริการดี
อาหารสด อร่อย รวชาติดี
คนมาใช้บริการเยอะ
คอยคิวนาน แน่นเกือบทุกวัน
ทางเลือกอีกที่ครับ"
ChZDSUhNMG9nS0VJQ0FnSUM1eTV1UERnEAE,Lek Raksawong,5,"วัตถุดิบใช้ได้ น้ำซุปดี  มีน้ำซุปให้เลือก
มีเวลาให้นั่งทาน2ชั่วโมง จุกๆไปเลยเลย
เกินราคา แต่อาจจะต้องรอคิวหน่อย"
ChdDSUhNMG9nS0VJQ0FnSUQ1dXV2cXJBRRAB,Greg Johnston,4,"Had a nice time enjoying a hotpot meal. Food was good, staff excellent  as this was our first time here as we were from Canada on vacation. A bit of a wait to get seated, cash only. Not used to that, had to find ATM. They were very understanding.
3btraveler"
ChdDSUhNMG9nS0VJQ0FnSUNabU9mQTd3RRAB,minoru dokidoki,5,"เนื้อออสตลอดไป เนื้อนุ่ม หอมอร่อย เน้นเนื้อออสอย่างเดียวเลย อิอิ

*รอคิวนานมากก 3ชมได้ อาจเพราะเป็นโต๊ะใหญ่"
Ci9DQUlRQUNvZENodHljRjlvT2xCZk5uQnVhRGxYYTJ3d1NGWkJNM0ZPTTB0Tk5WRRAB,Chelsea,1,"- รอคิวนานมากค่ะ 3 ชม.เลยถึงได้เข้า
- มากัน 6 คน ได้นั่งโต๊ะเล็ก เตาเดียว สอบถามว่าขอโต๊ะใหญ่ 2 เตาได้ไหม พนักงานแจ้งว่า ต้องรอคิวอีกชม. ถึงจะได้ ทั้งๆที่โต๊ะใหญ่พึ่งลุก และกำลังเคลียร์ และจากที่มองโต๊ะใหญ่
โต๊ะอื่นที่มี 2 เตา ลูกค้าที่นั่งมีแค่ 2-4 คน โดยใช้เตาเดียว อีกเตาปิดไว้ไม่ได้ใช้
- พนักงานไม่ค่อยสนใจ ไม่เก็บถาด ไม่ยิ้มแย้ม หน้าตึงมากค่ะ
สาขานี้ครั้งเดียวพอค่ะ คงไม่เข้าอีกแล้ว"
Ci9DQUlRQUNvZENodHljRjlvT214cWFGcHphMk5aWjNGaldtTTFZMjFFVnpZMFNYYxAB,unrequited mz,5,คุ้มค่าแก่การรอคิว 😊
ChdDSUhNMG9nS0VJQ0FnSUNXcC11WC1BRRAB,haechan Full Sun,1,วันนี้ไปทานตี๋น้อยที่mbkตั้งแต่คิวแรกๆคือเข้าไปนั่งรออาหารแล้ว15นาทีของที่สั่งก็ยังไม่มา ที่มามีแค่สาหร่ายกับข้าวโพดเหี่ยวๆ เราเลยแกะเอาแต่เม็ดที่พอจะโอเคใส่หม้อ รอจนโต๊ะข้างๆนั่งกินเราก็ยังไม่ได้จนต้องเรียกพนักงานว่าน้องคะพี่สั่งของไปนานแล้วนะคะยังไม่ได้เลย น้องพนักงานก็พยักหน้าเดินไปตามของแต่ก็ได้มาไม่ครบอีกกินหมดไปครึ่งแล้วก็ยังไม่มา จนแบบเรียกน้องคะพี่ต้องสั่งใหม่มั้ยคะ ของที่สั่งไปรอบแรกพี่ได้ไม่ครบ จะสั่งมาใหม่ก็กลัวมาซ้ำกินไม่หมดอีก🤣 ง่ายๆคือจัดระบบอาหารไม่ดีเลย ปล.ไม่รู้อันนี้เกี่ยวมั้ยคือน้องพนักงานคนนึงที่ประจำอยู่โซนเรากลิ่นน้ำหอมแรงมาก แรงจนมึนหัว เหมือนรถน้ำหอมคว่ำ ขอโทษที่จมูกดีเกินไปค่ะ😂
